90,74
97,79
94,78
100
89,81
90,56
87,04
100
83,69
97,22
87,04
88,83
98,32
81,65
96,3
92,59
80,89
83,96
88,72
94,44
89,9
91,75
92,59
95,37
88,41
77,88
91,67
87,04
91,23
93,9
93,69
91,12
92,59
91,56
81,92
89,81
94,44
90,79
94,53
91,83
91,12
90,38
94,53
94,53
89,98
85,34
92,71
85,65
89,17
85,07
91,78
92,76
93,7
92,79
89,17
85,75
92,59
94,3
90,95
81,65
97,03
89,06
92,9
100
94,61
97,22
97,22
95,01
97,22
94,61
95,91
84,64
95,54
95,12
88,89
91,67
89,9
92,28
94,44
89,63
97,3
97,22
92,76
84,43
94,3
94,44
84,07
86,63
88,89
83,08
88,08
82,72
88,41
94,8
100
85,56
89,46
97,22
94,75
100
92,35
94,3
95,37
90,74
98,15
97,22
97,22
95,37
100
93,14
97,22
97,22
92,59
88,43
80,48
90,85
98,15
91,67
100
95,37
87,85
91,52
94,44
89,74
91,67
95,06
100
92,59
85,75
97,22
93,52
90,55
85,11
94,44
86,26
88,11
88,43
86,29
92
94,44
92,28
95,37
92,28
85,87
88,5
95,6
95,06
94,44
100
97,59
90,15
92,76
82,92
86,28
95,37
95,37
95,15
88,27
93,52
90,24
92,37
97,22
93,52
91,67
91,47
97,01
93,19
73,32
91,13
95,99
92,4
91,41
91,67
87,58
93,52
91,52
94,44
88,13
95,13
93,37
97,22
94,44
92,43
89,06
96,79
83,98
96,3
91,11
97,79
96,41
100
95,13
86,41
98,15
95,68
84,83
97,22
89,81
86,78
83,33
90,82
95,53
97,03
88,98
98,15
90,49
95,54
95,62
91,93
89,84
88,4
86,98
91,67
89,87
95,06
88,32
90,99
86,11
91,59
95,84
82,67
90,43
94,53
88,02
92,16
82,96
95,46
90,47
88,45
93,61
92,76
85,92
93,15
92,84
92,75
85,23
88,7
86,74
81,95
100
88,85
97,22
73,53
91,83
89,98
93,01
90,81
97,22
100
98,32
86,73
82,39
94,3
87,68
86,74
93,61
95,37
92,3
87,72
97,39
83,42
86,11
89,78
97,13
96,08
92,68
92,64
87,04
91,4
91,67
94,44
95,06
88,94
100
94,44
88,89
92,99
96,08
97,84
86,24
94,44
90,52
90,78
92,76
78,56
91,32
89,04
92,84
87
86,9
88,89
81,34
89,57
91,97
80,25
94,44
87,76
94,6
87,81
91,67
92,03
97,22
97,22
87,83
89,2
92,76
92,8
81,83
90,8
78,83
98,15
89,49
91,42
89,98
92,31
94,44
93,32
96,3
88,65
85,03
93,21
89,9
97,79
97,01
97,08
83,64
87,21
93,85
100
90,63
100
87,07
87,08
94,07
100
92,08
94,75
80,77
89,98
86,11
83,26
98,15
94,44
93,5
95,99
92,76
83,16
95,01
90,92
86,68
95,67
83,66
87,47
91,33
93,52
92,67
94,53
92,32
88,43
93,98
95,46
100
97,39
91,15
90,45
90,72
86,87
98,24
91,57
91,46
96,46
88,04
88,5
88,33
96,98
92,69
94,82
98,32
94,44
87,9
95,01
97,39
98,15
92,59
93,9
88,42
89,46
92,59
89,46
85,67
96,84
94,44
98,32
90,74
92,07
92,29
93,72
86,32
97,72
86,99
97,39
85,19
93,21
90,45
100
93,39
89
95,14
87,75
100
87,38
91,24
89,22
89,46
94,87
96,78
100
92,97
94,76
86,11
86,41
87,09
92,36
94,29
84,82
87,41
89,46
90,02
94,61
93,26
94,44
95,45
96,3
93,9
93,52
100
97,22
93,86
100
100
89,41
90,81
87,37
97,22
89,36
98,15
93,98
95,54
88,89
96
95,01
87,35
90,49
94,44
95,08
85,62
88,13
89
92,76
94,44
90,9
92,88
96,3
92,66
86,45
93,71
86,11
91,49
98,15
90,74
93,21
92,44
94,44
88,89
87,2
97,22
89,06
84,57
95,01
88,5
73,09
97,22
81,96
91,67
76,69
97,84
91,95
92,59
87,12
82,97
78,39
86,68
100
94,1
89,2
84,46
87,91
95,37
93,52
98,22
87,61
85,23
89,2
91,67
92,9
84,8
97,81
87,96
98,15
89,97
87,2
88,16
87,12
98,24
94,81
95,06
90,83
91,26
91,9
92,69
98,32
89,36
92,01
92,85
94,3
100
95,37
91,59
94,99
89,91
94,44
95,44
87,96
94,61
89,17
93,21
97,22
91,67
88,24
94,44
92,28
93,61
89,57
90,13
92,28
95,37
86,9
92,08
91,31
86,7
89,42
92,28
100
89,68
91,2
93,52
90,03
91,11
96,15
95,46
94,09
97,6
100
94,44
97,22
90,43
91,03
86,11
98,15
97,84
94,44
92,76
83,99
86,31
95,54
83,5
91,59
92,33
88,02
89,85
96,07
92,42
80,84
91,44
92,96
86,54
91,85
88,2
95,37
91,23
96,55
84,37
93,29
89,6
87,94
94,53
87,87
91,5
87,04
83,53
97,22
91,95
91,67
86,61
88,61
88,86
93,84
94,53
96
94,93
95,99
83,33
97,79
91,07
90,3
92,24
89,52
95,08
89,27
85,2
95,37
92,28
86,19
94,02
95,37
88,29
95,99
88,94
91,67
89,9
96,3
87,55
92,3
89,54
88,89
88,49
84,93
90,2
77,95
92,33
93,01
84,06
89,81
88,99
85,8
78,36
90,06
95,51
85,12
87,04
88,23
95,3
94,9
91,75
91,83
97,08
85,78
90,43
86,73
83,3
93,83
82,62
84,06
91,67
95,68
94,44
83,36
91,67
93,83
88,29
83,67
94,44
83,76
91,36
89
91,89
81,43
95,37
89,34
97,91
84,28
90,36
83,83
86,78
93,21
93,26
89,69
89,2
88,08
91,67
93,52
98,24
100
79,04
82,2
85,79
90,85
87,65
91,61
85,41
95,05
93,52
90,67
91,06
84,1
88,89
100
97,22
77,49
86,29
94,44
95,52
88,64
87,04
91,67
90,85
87,17
91,67
92,04
87,04
91,84
96,13
85,15
83,81
87,6
97,22
94,44
88,34
84,67
82,42
97,22
77,47
83,71
98,15
81,73
92,37
86,28
90,23
75,39
85,65
100
84,26
97,22
93,32
96,61
89,4
90,59
82,83
87,14
91,67
92,59
88,55
92,22
90,74
88,89
85,17
93,77
84,93
85,49
79,45
97,22
97,84
90,23
85,22
86,17
98,15
100
90,43
82,62
92,46
85,65
90,15
90,74
97,39
95,01
89,2
84,55
94,1
94,44
84,05
95,15
93,61
95,72
87,82
89,72
100
91,67
82,34
90,47
84,6
88,39
94,19
90,51
93,93
94,44
92,59
91,67
88,97
95,5
95,99
94,92
94,44
100
87,04
93,21
95,03
91,75
92,59
91,67
97,84
93,21
96,46
89,51
89,78
95,37
85,88
95,06
88,44
94,84
100
93,69
95,37
94,03
92,12
84,43
92,59
93,1
95,37
86,02
86,17
97,08
92,59
95,07
97,22
85,43
84,09
90,18
95,35
86,45
88,58
89,25
92,75
93,3
90,42
90,72
95,08
98,15
84,41
100
100
94,44
90,11
92,76
89,03
90,69
89,98
91,09
90,19
93,78
91,67
88,82
83,69
96,17
90,54
89,48
92,91
88,97
91,36
95,99
84,09
80,67
88,35
100
98,32
98,15
77,74
94,57
81,21
83,81
82,47
90,35
96,35
90,11
88
86,54
94,55
88,22
88,61
92,87
88,42
87,32
92,4
92,25
90,56
96,55
98,24
90,54
83,4
87,89
92,32
92,45
92,97
85,62
91,3
97,22
92,76
93,31
90,72
91,33
92,67
93,63
83,72
81,12
92,28
91,67
95,01
90,62
86,11
87,04
79,63
92,06
93,9
91,17
87,76
91,06
100
97,77
95,54
91,36
95,54
91,36
92,76
90,49
95,06
97,22
86,11
90,96
90,74
98,15
95,54
93,38
90,49
93,98
97,03
92
95,52
95,05
84,4
97,85
91,67
82,41
94,14
83,45
88,69
95,43
87,88
85,43
91,67
95,54
90,82
92,59
91,83
91,52
87,96
92,76
93,74
92,09
91,53
100
87,29
93,17
81,76
95,97
89,81
87,74
88,89
94,44
83,27
92,1
92,59
100
95,06
92,32
98,15
98,15
90,72
81,26
92,76
95,01
87,19
92,28
86,8
91,67
89,08
95,52
92,17
95,63
94,55
98,15
85,65
92,39
90,54
85,28
95,37
83,68
84,49
90,3
91,67
93,04
87,28
91,84
88,58
90,77
89,4
89,06
90,44
97,53
90,9
92,9
82,66
92,28
89,8
94,98
93,48
92,44
81,01
86,68
83,66
93,69
95,68
92,59
92,51
92,59
92,59
87,91
94,05
84,21
95,68
93,28
89,02
88,03
89,91
94,37
94,44
100
95,05
89,24
94,11
91,05
87,77
88,83
90,91
89,62
93,21
97,83
98,32
92,89
93,69
97,79
94,27
97,26
93,8
98,32
98,15
95,54
100
92,36
85,68
100
92,69
91,67
87,53
87,22
95,37
97,91
91,67
88,1
94,49
96,46
91,13
93,33
90,36
95,37
89,81
88,19
87,38
92,35
97,22
93,52
93,97
94,49
100
94,1
88,59
92,94
97,26
95,51
90,74
95,08
83,42
87,47
89,31
92
91,29
94,3
83,43
95,54
92,8
91,45
93,52
91,48
91,67
91,74
95,03
90,74
94,3
95,37
97,22
93,16
86,82
88,23
88,61
92,8
96,1
97,22
97,22
97,22
97,22
93,52
94,44
93,42
95,82
91,67
90,5
76,97
92,27
91,25
94,24
97,85
92,16
89,75
97,22
97,22
92,55
93,52
87,42
79,43
86,61
95,86
94,44
100
92,24
91,35
93,52
95,08
97,85
88,17
91,48
93,05
97,22
91,67
94,44
88,45
95,37
87,68
95,1
95,99
84,32
94,44
92,88
93,94
82,57
88,72
92,17
90,85
94,44
81,31
96,71
81,82
93,26
88,97
93,38
82,15
97,22
91,08
94,87
79,88
96,41
92,76
91,67
98,15
94,92
81,19
92,03
97,83
85,85
92,89
91,12
89,81
95,36
91,9
82,67
88,98
95,03
86,97
90,52
86,74
89,15
92,59
89,88
89,12
87,81
96,07
96,3
95,13
90,74
93,36
95,37
94,95
86,22
82,43
84,44
88,11
94,75
92,03
90,88
98,03
87,2
95,94
83,95
100
93,51
90,71
86,49
90,63
93,95
82,64
90,8
93,16
93,49
91,75
95,74
91,35
88,65
87,95
100
77,93
97,3
89,16
90,36
89,12
81,52
95,37
87,37
89,81
92,15
96,1
88,4
89,53
94,05
89,01
89,93
88,97
88,16
91,72
86,18
91,28
89,55
88,87
95,01
93,95
87,77
91,36
87,74
91,31
92,27
95,62
96,3
87,77
86,97
97,22
88,17
100
94,82
82,65
94,44
83,56
81,24
93,28
89,92
88,63
85,43
93,3
92,3
87,46
79,26
82,25
93,52
92,28
95,37
89,19
87,93
95,46
89,71
85,37
95,37
96,3
83,95
87,35
86,11
92,74
91,9
93,26
90,52
88,89
90,73
97,22
91,67
95,68
92,83
90,82
90,74
90,25
93
97,22
93,48
94,99
86,57
95,99
91,67
90,74
94,44
97,22
92,91
93,12
88,63
95,27
88,7
78,51
90,74
91,93
89,5
93,43
86,23
95,17
93,13
90,34
100
82,55
95,15
97,31
90,4
91,67
96,97
95,01
97,22
94,92
83,07
91,51
90,77
81,65
87,86
92,76
92,59
87,96
91,67
88,89
86,8
100
100
92,59
84,72
97,22
93,26
97,39
86,03
92,59
90,74
97,22
93,57
92,51
100
100
93,52
92,23
95,37
95,37
82,12
97,22
84,77
94,33
89,52
93,77
86,28
89,98
85,94
90,38
84,19
89,62
100
98,15
92
86,82
94,44
93,21
88,81
88,68
92,59
93,52
94,53
93,63
91,41
94,09
80,59
87,97
89,34
96,1
87,04
88,89
86,11
93,95
100
90,74
95,37
97,3
84,49
100
97,84
88,56
100
87,52
84,83
91,67
98,15
97,22
97,22
81,97
84,89
95,01
90,8
88,09
87,04
89,49
95,02
91,67
85,85
86,2
92,28
88,97
91,61
88,32
86,11
91,36
94,64
97,22
95,54
95,11
100
89,57
92,04
83,14
94,44
92,14
87,96
89,06
94,44
87,04
97,22
96,54
89,21
91,67
92,27
90,74
86,53
95,06
86,52
97,22
95,46
92,59
89,46
98,29
93,36
91,67
91,67
98,24
92,28
94
91,74
91,67
85,19
86,11
96,46
92,27
97,84
94,96
94,98
88,89
100
97,08
89,93
100
97,84
87,92
86,6
90,6
86,14
91,24
88,82
94,44
93,28
96,3
78,43
91,59
94,44
94,6
95,05
100
90,71
84,6
86,28
100
90,42
91,14
84,29
93,52
95,05
91,67
93,21
93,28
93,93
89,58
98,29
91,93
89,45
97,22
79,73
97,22
91,84
86,07
95,06
98,15
95,25
97,22
89,39
92,28
92,92
95,05
93,28
89,51
97,09
88,89
94,44
91,67
83,78
91,67
93,52
81,54
94,44
83,34
89,26
87,96
92,37
91,22
91,99
85,31
93,32
91,84
89,9
81,17
92,28
91,67
90,91
91,67
90,95
87,32
83,18
84,28
87,09
90,74
89,31
97,22
92,89
91,75
97,84
91,23
90,74
95,25
93,28
91,36
89,96
97,22
89,35
94,44
97,49
95,06
81,9
87,82
92,52
87,88
92,3
94,2
97,84
92,4
95,87
88,83
100
88,19
97,22
85,39
100
91,03
86,02
94
100
85,75
92,4
94,44
89,81
92,98
90,79
94,44
89,09
91,73
97,84
91,72
97,22
91,67
91,61
89,4
91,33
97,22
92,28
90,62
94,44
93,43
93,9
87,25
100
93,92
93,52
95,37
89,81
97,22
88,46
89,51
98,15
97,22
93,82
96,3
92,68
88,45
88,94
100
100
91,5
79,9
82,89
100
93,21
95,37
80,04
84,31
93,82
89,93
86,89
92,28
86,99
87,12
94,19
88,06
86,53
97,22
94,44
95,37
100
88,18
98,03
95,99
88,59
91,65
95,68
96,3
94,79
88,63
93,98
93,87
92,59
96,45
91,4
95,06
87,6
95,63
86,35
98,15
92,04
86,82
92,28
88,13
95,06
91,19
91,67
95,06
95,39
100
95,19
90,43
88,89
89,51
87,05
92,42
96,3
95,54
87,15
93,69
88,89
92,23
90,43
92,35
83,12
97,22
94,39
91,12
91,93
88,76
93,95
92,62
95,01
95,38
94,44
91,05
90,74
98,32
91,13
90,01
97,22
92,65
93,52
81,3
92,76
91,67
90,74
86,91
100
94,93
95,37
89,15
84,68
98,32
84,83
96,08
92,23
88,09
97,84
83,14
94,33
94,31
93,52
88,99
97,22
96,15
97,6
95,54
100
95,37
82,44
95,37
86,74
86,82
100
97,22
94,86
87,85
87,95
97,22
90,74
92,91
97,22
94,3
95,74
82,93
88,37
89,89
100
88,16
89,34
94,09
94,63
94,44
93,69
86,6
82,12
90,29
100
90,71
93,52
92,35
100
82,86
89,53
91,85
91,2
93,78
92,75
95,15
92,04
86,11
94,54
98,15
89,35
97,22
84,05
93,96
94,44
94,01
91,14
89,05
90,74
86,57
97,22
92,97
92,59
97,08
91,88
96,3
87,2
87,3
93,23
92,59
93,85
100
78,57
100
87,48
94,01
91,41
86,42
94,44
93,85
92,04
93,98
100
91,22
89,81
97,22
84,76
88,36
94,44
95,86
88,25
81,16
94,44
97,22
84,1
95,37
94,44
97,22
94,44
89,78
95,63
91,63
88,22
86,36
86,42
83,02
91,17
96,3
92,05
91,16
91,75
89,78
95,16
84,68
85,44
92,9
87,94
93,69
90,36
80,97
89,8
95,06
96,3
86,13
95,94
91,36
88,89
90,67
87,6
86,9
90,97
85,98
97,22
95,06
96,75
93,27
90,13
92,87
88,86
87,43
85,87
85,97
85,11
86,22
84,49
89,38
87,79
88,46
87,82
79,96
93,69
95,15
87,39
88,46
84,79
90,26
89,98
92,9
84,19
89,35
92,74
88,21
89,62
93,22
95,64
91,97
89,51
87,83
92,87
95,37
94,2
95,06
97,3
89,52
79,32
83,95
82,83
90,59
91,67
97,03
80,23
92,59
87,15
91,67
98,15
92,97
82,46
91,16
84,93
86,77
96,32
93,71
97,08
86,09
93,93
91,5
94,99
95,06
97,22
97,22
97,59
87,04
93,63
95,13
97,11
95,37
94,91
91,02
87,26
96,3
92,59
89,92
95,37
88,99
91,36
93,93
88,38
97,79
97,84
95,37
95,06
94,86
97,08
94,44
94,44
97,22
91,47
95,37
91,38
100
95,23
83,21
91,67
98,15
91,46
95,94
95,37
98,03
96,3
94,14
90,81
92,45
97,81
100
92,69
100
92,59
86,15
97,22
89,98
93,86
95,91
91,12
93,21
93,21
96,3
94,44
90,45
94,44
95,15
95,74
90,19
90,95
92,23
95,06
93,93
100
95,37
95,37
97,22
98,15
100
95,06
92,59
88,21
87,65
85,26
97,84
88,45
92,3
88,37
91,75
92,21
86,11
93,75
86,25
94,44
94,44
89,81
97,22
94,44
82,82
87,96
94,44
93,93
88,89
95,06
83,02
89,81
93
97,22
89,38
91,76
90,15
89,38
87,96
92,09
97,22
95,01
90,44
94,3
86,82
80,8
94,44
92,59
96,72
94,44
91,08
83,33
88,41
96,35
91,67
97,84
88,13
92,59
82,84
91,31
83,64
91,47
87,04
100
87,09
95,35
88,7
91,67
96,72
91,42
82,43
88,81
95,37
92,28
84,26
91,31
93,93
91,49
94,44
79,23
91,75
84,31
86,73
88,71
88,97
97,22
89,98
91,67
87,04
89,51
86,47
95,63
89,81
92,04
97,31
88,89
94,78
92,3
92,37
97,22
100
88,58
95,51
87,08
93,02
94,44
90,54
88,56
88,43
91,82
96,96
98,15
97,22
97,22
88,86
95,52
90,13
89,86
91,92
87,52
100
97,22
91,67
90,31
92,4
87,74
93,21
87,44
95,08
94,44
95,58
87,04
87,26
79,28
85,56
85,99
88,73
100
90,84
94,53
87,18
97,22
96,59
79,17
90,15
88,27
91,67
86,92
85,69
91,49
92,71
94,44
88,43
100
83,83
90,74
89,97
97,22
85,82
95,37
98,29
87,53
88,42
92,76
95,02
88,2
86,75
81,14
92,59
83,67
90,83
83,92
87,96
97,44
91,78
88,93
95,06
91,64
90,74
96,96
83,12
81,19
89,69
96
88,89
88,05
91,67
88,05
88,59
82,86
93,33
86,21
95,74
93,17
100
90,76
95,33
86,44
88,34
94,44
100
94,44
79,14
94,44
100
89,14
88,4
83,85
89,88
93,99
97,22
96,71
91,16
97,22
94,55
97,22
97,91
92,59
89,26
92,49
89,66
89,83
94,44
97,22
90,74
95,74
92,28
97,93
90,73
98,15
95,13
93,36
95,37
100
93,41
96,71
97,22
79,26
89,51
97,39
89,78
93,52
94,81
89,52
94,66
94,44
92,59
100
94,44
91,52
95,58
94,25
89,57
93,52
93,93
91,48
89,04
98,15
83,33
91,86
93,02
94,44
91,67
92,11
95,06
97,22
83,06
98,15
98,2
95,01
81,26
83,44
91,95
95,37
87,78
91,52
84,25
93,69
98,15
91,28
82,29
92,59
92,51
97,22
91,67
74,8
88,38
88,89
91,67
94,68
88,89
100
87,2
84,54
94,44
83,36
93,52
97,22
97,22
92,65
87,17
88,52
82,41
88,49
88,07
98,05
89,65
95,01
89,81
83,47
92,88
95,06
93,99
91,58
88,3
92,83
94,44
88,89
88,13
100
87,81
97,22
84,04
92,59
84,34
85,24
91,67
90,74
86,76
91,67
86,38
80,98
90,15
100
91,67
89,28
88,02
84,23
86,25
88,89
94,44
94,82
85,1
88,05
93,43
91,12
100
90,47
92,28
97,84
91,08
93,85
93,57
92,99
85,3
85,99
87,28
97,22
84,45
91,67
84,88
90,99
88,69
87,95
87,46
85,97
94,07
88,99
89,81
97,22
88,27
89,51
96,44
91,53
80,42
87,52
91,75
91,12
89,43
86,35
85,19
90
86,68
82,53
86,11
93,52
88,07
95,82
88,97
91,85
92,04
90,24
89,81
92,28
92,3
92,14
84,67
89,81
86,23
90,43
94,24
90,92
92,69
85,8
92,23
89,74
90,52
87,25
87,53
83,68
87,96
91,47
90,04
88,3
88,46
85,8
91,98
83,19
86,75
86,86
94,44
92,79
88,46
91,67
93,46
93,6
88,64
75,62
90,38
86,84
93,77
97,22
82,26
98,23
88
97,22
96,3
87,45
95,05
88,19
95,63
88,48
92,94
94,44
92,28
92,28
97,22
92,23
95,99
92,86
87,64
92,04
94,44
94,44
89,36
90,23
95,54
91,52
94,53
95,37
95,12
96,71
94,44
98,15
85,8
91,98
93,52
97,22
84,84
95,99
89,62
83,09
92,23
95,63
87,57
91,83
90,73
94,86
90,19
88,98
92,87
95,37
96,46
82,58
95,75
100
94,44
89,67
83,17
85,15
93,09
96,3
97,91
85,8
85,87
96,46
98,15
84,13
84,33
94,4
95,23
92,08
89,48
90,23
85,45
91,75
92,59
90,83
95,37
90,38
85,85
93,32
90,23
93,19
90,48
90,62
83,09
94,44
91,83
90,74
91,67
94,82
92,67
87,64
92,76
93,93
92,23
85,43
87,96
82,07
89
86,52
88,97
89,51
80,52
89,39
90,95
92,59
100
91,67
92,65
91,92
89,62
85,95
87,23
89,51
95,58
93,69
82,24
97,22
92,79
93,11
92,27
83,79
87,73
91,7
80,63
91,49
94,33
94,66
93,57
91,07
89,79
86,12
87,9
95,06
91,49
87,52
85,44
86,42
90,02
93,48
100
84,16
92,27
97,83
86,88
86,63
82,97
89,38
86,8
87,09
90,43
91,27
97,95
97,22
92,59
94,64
94
87,4
92,27
89,25
84,98
90,15
86,54
91,23
96,63
91,67
100
88,47
93,99
87,3
91,85
98,3
90,99
86
91,67
90,46
79,98
81,15
88,77
97,59
90,68
88,78
89,06
93,35
85,69
92,59
88,54
92,59
96,06
93,85
87,74
95,4
93,85
79,04
91,67
79,57
85,91
96,3
85,9
87,23
89,59
91,67
92,2
85,12
88,05
89,31
96,3
87,19
92,29
97,22
87,86
94,44
91,83
90,93
89,81
85,36
95,01
98,15
89,67
83,33
88,13
85,37
76,13
86,1
83,51
98,15
92,01
90,65
95,45
90,15
98,32
96,33
89,51
91,51
95,44
97,22
89,06
91,67
96,1
90,67
97,22
90,43
91,9
84,88
91,67
91,67
90,38
90,44
87,67
95
95,4
88,73
89,43
80,54
94,44
83,16
90,17
86,11
97,93
93,56
91,41
87,94
92,59
91,67
92,77
93,25
98,15
89,71
94,61
92,39
91
90,55
95,37
94,44
90,98
90,95
82,15
89,98
95,49
92,28
87,6
88,89
87,8
95,99
92,24
92,34
91,52
94,55
93,61
95,37
92,76
91,08
95,15
86,44
91,72
97,84
87,68
94,44
79,32
96,3
92,92
97,22
65,49
92,59
95,63
94,44
97,22
87,44
89,8
90,74
90,74
84,16
92,34
92,59
88,89
82,1
83,64
94,01
97,22
94,81
92,11
93,59
93,67
92,28
93,52
88,99
92,72
96,2
82,8
98,15
90,99
95,54
89,93
100
95,08
95,37
91,67
94,44
95,37
86,27
89,81
97,22
92,27
94,44
91,67
89,91
97,39
75,6
75,38
96,3
86,7
97,84
88,89
89,98
97,22
97,22
97,22
86,28
95,54
88,39
90,8
95,94
94,44
95,03
86,61
98,15
93,9
89,81
97,22
89,38
93,4
96,2
87,04
97,22
89,32
92,92
89,51
82,73
84,36
93,46
91,67
95,37
88,89
83,81
85,97
86,96
89,98
97,22
85,13
98,24
83,13
98,3
95,37
93,9
90,15
82,31
92,76
88,69
95,17
92,4
83,4
85,49
93,67
81,51
90,74
95,79
85,87
73,3
97,22
100
81,06
87,49
82,52
88,48
100
88,21
92,28
87,12
91,97
96,38
87,83
84,9
92,04
95,06
84,27
79,57
87,6
93,9
100
93,98
85,74
85,76
92,86
95,37
89,17
91,93
88,75
90,25
89,44
90,91
90,74
91,05
92,22
93,98
87,97
98,32
88,78
91,67
86,3
88,89
93,29
96,13
91,67
90,39
93,38
90,71
92,89
95,99
90,26
90,76
95,01
92,75
84,9
93,9
95,57
92,92
87,14
95,76
97,22
92,57
90,54
88,64
91,82
95,27
89,26
98,03
89,74
89,04
94,53
93,55
83,72
91,93
85,81
97,39
92,12
93,6
90,69
82,64
90,45
95,06
88,89
92,76
95,37
78,26
88,84
94,25
100
86,86
100
97,22
92,67
93,77
86,81
93,53
95,46
92,45
98,15
91,99
94,44
97,3
89,39
89,55
95,48
97,22
96,53
93,1
94,53
97,22
97,11
97,22
79,95
95,92
91,36
88,99
91,67
94,66
96,23
92,76
82,38
88,16
97,22
94,92
92,76
91,93
94,44
83,97
83,33
92,69
91,47
95,75
93,48
87,42
89,1
91,14
96,75
91,5
92,76
93,85
88,7
91,01
100
86,93
94,3
86,87
98,15
97,05
95,83
83,94
86,4
88,45
90,38
88,53
92,97
95,03
100
94,25
90,95
86,4
89,85
91,67
89,75
90,02
86,28
90,43
89,81
92,95
88,49
95,67
86,1
97,95
87,25
79,37
97,3
91,38
91,68
88,89
94,44
91,53
90,02
91,11
92,39
92,23
91,94
92,08
79,63
86,07
93,33
95,63
95,13
91,08
97,22
86,28
90,95
86,6
93,27
90,35
97,6
97,22
86,43
89,83
85,38
94,62
92,47
84,8
87,71
93,4
91,83
94,44
97,7
87,69
92,16
82,67
90,28
88,89
95,58
92,89
88,9
95,8
93,21
91,67
92,67
91,07
94,19
98,32
97,86
92,5
96,3
92,62
90,74
91,59
93,81
88,3
88,67
92,46
92,27
89,81
94,44
96,25
87,02
90,52
89,81
84,69
87,91
83,15
90,73
91,67
94,44
97,22
94,44
97,22
92,59
84,29
86,73
89,49
94,44
92,48
84,26
85
90,74
95,03
96,23
91,75
92,14
91,67
100
90,63
92,76
92,28
97,72
76,37
89,71
91,75
89,81
88,59
84,68
79,97
89,48
82,41
98,32
81,98
85,13
83,4
89,13
95,54
94,44
100
100
92,59
95,11
95,15
92,24
79,69
91,63
95,62
84,39
97,85
92,61
88,97
89,62
93,52
93,52
83,11
97,22
95,47
91,15
86,47
89,14
83,92
89,88
92,76
86,73
100
95,37
84,8
84,51
88,37
78,71
90,52
86,61
89,81
93,88
91,67
90,55
83,02
91,45
96,45
84,89
84,68
83,36
87,96
84,51
94,25
93,27
95,06
87,72
81,62
97,79
89,81
94,95
89,71
86,44
95,13
90,78
93,03
92,15
93,52
86,67
91,67
84,03
94,25
94,44
87,81
85,91
94,54
95,32
95,05
86,93
88,89
87,09
89,89
90,93
84,57
97,22
94,61
85,66
93,23
86,88
85,8
98,15
80,97
91,67
94,93
80,56
86,8
92,22
76,52
91,67
88,39
97,22
86,64
88,06
93,36
86,18
97,22
78,9
88,58
94,44
96,84
95,37
93,71
91,04
86,82
100
92,84
89,91
85,27
80,65
92
88,5
82,62
79,94
74,99
92,9
90,34
90,74
85,19
92,04
80,05
95,45
89,62
79,71
80,56
88,49
85,53
100
97,83
94,69
94,44
94,99
100
88,5
97,22
92,88
89,13
95,05
90,02
82,51
90,06
90,12
92,9
78,94
88,89
87,17
89,46
89,65
85,37
97,84
95,37
80,07
92,59
91,2
93,05
93,5
90,71
94,68
82,48
88,93
93,51
92,3
93,52
100
85,76
88,25
80,38
93,93
88,87
91,16
80,97
95,68
94,53
88,89
85,8
87,04
95,06
95,46
87,96
84,63
88,63
100
84,22
83,45
89,52
97,84
89,55
94,44
89,43
93,06
84,99
92,59
85,3
95,01
92,59
79,24
92,13
86,11
88,89
90,16
83,33
84,5
97,22
93,21
91,15
85,44
88,96
90,12
88,56
88,89
94,24
100
94,61
90,43
92,3
97,79
85,25
97,22
95,46
90,74
98,15
93,92
94,44
84,09
94,62
90,55
93,3
84,66
82,77
82,69
87,75
86,93
86,06
85,53
95,32
87,65
82,3
91,23
90,74
79,68
94,44
88,97
87,77
87,35
94,44
94,44
89,82
94,44
92,23
92,23
89,56
87,17
86,64
92,69
93,21
89,14
92,21
90,43
80,33
81,89
95,94
90,15
93,52
91,67
85,64
94,44
93,52
86,45
92,28
91,75
90,36
94,44
90,71
80,68
97,84
89,81
91,67
92,59
87,84
86,12
77,11
92,4
94,81
93,69
78,31
81,46
92,27
90,74
97,22
87,82
95,15
91,36
92,59
94,25
95,01
100
89,54
93,11
94,98
100
91,67
86,54
98,15
96,3
81,28
93,77
88,29
88,14
96,3
97,22
93,22
83,33
94,44
86,61
94,44
91,1
91
90,95
88,84
89,06
88,69
85,72
88,49
90,73
77,7
91,17
86,87
93,22
96,15
95,37
95,37
97,34
91,93
89,58
89,98
87,15
97,22
94,86
88,08
97,03
90,74
88,67
88,38
91,12
89,81
97,85
97,54
89,62
83,1
81,75
85,14
95,01
91,77
89,39
97,3
85,92
92,85
85,19
95,01
97,79
90,96
92,28
89,4
95,06
95,72
89,17
93,06
83,02
100
97,79
96,42
94,58
98,15
100
94,01
92,3
94,78
94,62
91,26
94,44
92,65
95,01
87,83
92,23
85,4
97,22
85,27
92,15
89,34
95,13
97,03
91,67
96,1
88,42
95,99
86,4
94,44
95,54
90,74
92,8
93,69
97,22
87,04
97,22
86,86
97,22
94,63
93,52
97,05
87,84
88,15
87,3
95,72
90,24
96,3
90,05
85,82
91,14
98,24
98,32
92,17
97,22
92,31
94,78
88,93
94,19
92,04
91,36
97,22
95,94
84,47
94,49
91,67
97,22
90,05
93,04
97,22
94
97,22
91,67
100
94,44
93,28
84,06
94,44
97,22
87,51
95,83
94,09
91,04
86,48
98,15
97,93
96,38
87,77
91,87
95,37
96,3
91,67
91,67
89,79
88,55
90,46
92,05
88,49
100
90,35
92,99
90,52
96,67
88,66
88,91
87,46
86,49
96,3
87,46
100
98,32
83,11
79,11
87,96
89,31
88,86
85,39
87,53
95,03
90,77
87,85
87,88
95,37
84,34
97,22
87,84
88,51
95,08
92,42
83
87,04
94,09
93,42
95,2
93,89
81,26
90,93
98,15
89,38
87
89,83
87,15
93,98
90,23
93,71
89,04
82,58
94,44
92,28
94,44
89,22
97,22
97,79
96,3
90,61
84,5
91,67
93,67
91,67
94,44
89,51
97,22
90,37
82,39
90,71
93,23
94,24
86,88
92,33
91,8
91,32
94,44
91
87,89
94,44
97,84
93,8
92,59
93,14
100
98,32
97,22
87,29
98,15
94,53
91,71
86,73
88,79
98,32
94,54
97,22
97,22
86,19
92,31
97,22
90,28
97,22
94,44
93,37
92,27
100
91,47
87,96
88,13
92,92
97,86
90,31
93,52
92,45
89,81
97,22
97,22
97,91
89,29
100
98,15
85,96
89,51
92,59
90,37
93,76
91,75
80,88
90,58
95,06
89,65
92,9
90,83
97,91
100
96,67
97,08
88,34
91,67
94,44
90,54
89,51
94,11
92,28
100
94,44
100
94,53
83,74
92,28
94,44
94,84
90,87
86,84
83,65
93,87
95,74
95,06
94,44
100
100
95,37
95,37
90,45
92,16
89,39
95,13
96,06
94,44
87,01
92,97
97,84
94,18
95,72
93,52
97,22
95,63
95,09
95,37
94,44
94,44
94,02
90,92
86,21
94,44
87,42
90,63
92,66
100
89,57
100
98,15
92,48
98,15
88,63
96,27
94,61
86,85
84,19
95,68
96,3
78,86
94,44
87,48
86,59
95,71
87,74
97,22
87,25
94,82
95,06
88,79
84,43
92,5
90,35
85,03
90,82
100
93,78
89,06
89,26
84,58
92,85
92,77
91,67
90,44
89,57
81,09
85,07
100
91,75
88,21
89,51
92,35
86,41
94,44
95,06
85,67
90,21
90,43
86,47
98,24
91,67
85,89
90,99
93,01
87,98
93,22
89,62
86,84
97,22
91,42
83,01
93,55
100
94,6
86,11
89,43
94,82
86,55
94,02
91,75
81,48
83,09
82,99
85,8
93,3
95,37
83,9
84,08
95,91
86,23
79,99
88,53
94,89
97,22
95,06
92,04
94,85
97,22
94,87
94,44
94,44
92,45
89,83
94,44
91,08
88,34
87,52
89,06
94,44
85,11
89,26
76,32
93,85
97,79
87,13
100
95,43
85,64
85,52
92,9
88,83
76,76
89,06
74,58
95,37
94,44
93,29
95,63
80,07
89,51
90,89
90,24
92,76
90,27
93,39
97,22
94,28
85,12
87,72
90,33
87,29
85,62
77,12
82,88
92,46
100
96,63
88,5
90,74
90,27
86,22
94,44
87,94
95,08
86,67
95,06
100
92,37
91,06
81,54
94,61
91,56
89,51
88,45
94,14
93,84
89,75
83,52
84,32
89,83
92,76
87,87
94,44
85,35
88,47
98,32
93,21
93,5
89,27
90,91
89,68
89,98
85,62
95,29
85,45
84,4
83,09
95,31
83,28
85,72
94,56
94,19
92,93
83,62
89,3
87,51
81,17
94,82
100
90,66
95,08
91,23
95,06
92,91
85,35
91,75
88,27
94,44
86,35
89,81
97,22
82,74
92,28
89,17
95,01
91,67
85,35
84,05
81,46
95,37
80,68
91,67
85,8
91,67
93,13
95,37
75,95
88,69
95,37
87,04
92,28
92,21
86,73
89,43
83,47
92,59
97,22
92,82
86,64
93,69
87,39
87,62
95,37
91,67
87,67
84,82
86,11
91,73
100
96,3
94,44
92,14
94,53
89,41
86,11
85,49
85,75
94,93
88,89
100
94,53
89,97
82,24
90,15
87,13
85,8
87,12
93,52
92,59
91,82
91,92
91,57
86,72
89,39
90,86
88,3
89,28
92,45
82,41
94,44
90,74
93,78
90,74
87,18
86,63
100
97,22
94,49
87,96
98,15
92,68
89,98
92,96
97,22
92,59
94,44
88,35
92,59
88,34
86,73
84,51
93,55
84,47
92,3
90,47
95,65
95,54
90,07
88,12
95,1
87,96
94,46
94,44
85,61
96,3
88,89
88,45
94,44
89,55
88,3
95,07
94,44
81,03
97,03
91,18
85,27
93,21
94,44
85,96
94,61
91,75
88,06
81,82
95,9
91,67
90,8
87,11
93,93
97,22
91,47
89,52
93,98
92,85
100
89,38
83,57
97,37
86,96
80,47
85,19
89,6
90,44
93,26
91,22
88,61
91,67
100
89,28
100
95,06
92,52
87,25
87,77
96,72
96,3
89,95
92,98
85,76
80,42
97,39
95,36
87,21
86,8
92,71
89,06
94,05
83,91
97,39
92,59
78,12
90,74
95,58
95,14
80,76
98,32
97,79
96,3
87,75
89,62
89,73
98,32
96,46
87,06
95,37
95,53
85,14
92,04
86,95
98,15
92,93
90,25
84,26
93,23
90,22
95,33
92,21
98,11
100
94,61
89,17
93,73
90,29
94,44
90,74
97,84
81,37
96,71
82,72
81,04
91,67
91,67
85,75
91,67
91,81
91,62
86,38
78,87
93,94
89,29
100
89,34
84,26
89,81
86,84
88,89
95,37
97,22
90,91
91,05
92,65
93,85
100
95,99
90,45
86,9
88,38
93,1
93,08
82,62
91,63
97,84
95,37
83,55
92,23
93,75
92,8
89,39
91
94,12
100
95,37
98,23
85,38
96,3
88,63
95,43
88,64
90,38
90,38
92,96
83,42
88,97
94,44
98,15
96,3
87,62
94,13
92,35
88,89
79,4
94,44
93,38
93,69
97,22
95,69
100
94,44
94,22
92,96
91,67
84,83
84,9
89,79
85,52
90,74
84,5
88,97
97,22
91,83
92,23
89,06
95,91
92,34
85,56
91,55
98,32
94,28
91,67
91,9
95,67
96,35
86,32
95,52
91,2
92,04
92,23
94,82
95,37
95,37
83,33
95,06
90,44
92,23
93,98
89,7
87,46
97,22
91,63
100
100
87,1
88,21
88,78
89,98
92,8
91,2
98,15
89,44
86,38
94,44
84,99
92,37
87,67
98,15
92,35
90,06
87,01
90,68
93,52
98,32
86,97
91,84
87,35
95,94
96,45
85,19
86,2
84,52
95,99
100
93,21
87,18
91,67
87,85
97,22
82,56
89,51
90,81
88,58
88,89
80,56
83,02
86,9
96,3
87,04
89,51
95,05
98,15
94,44
83,22
92,59
86,11
90,52
88,89
94,44
90,74
82,95
96,3
97,22
84,7
91,67
93,52
93,52
88,89
87,53
97,22
95,54
89,3
100
95,46
87,31
84,06
81,06
91,67
86,53
88,89
87,96
93,21
94,44
90,74
92,37
97,84
98,15
86,28
92,45
91,67
92,27
89,51
94,61
88,2
96,3
97,83
82,77
94,44
94,44
92,89
90,43
93,59
92,59
84,34
94,44
91,67
87,24
81,32
92,59
88,58
96
97,79
89,81
86,11
80,56
80,25
88,42
90,49
93,16
88,89
91,84
97,22
92,28
84,34
92,59
92,68
94,44
97,22
95,92
91,67
87,92
98,15
87,12
97,53
77,83
93,43
97,22
91,79
92,04
95,18
92,04
94,44
91,67
92,28
89,51
93,52
92,9
98,08
86,36
97,22
98,23
94,73
98,15
94,44
95,37
100
100
97,22
94,44
93,89
89,9
91,94
95,37
95,31
89,62
97,22
98,32
86,11
92,09
94,44
97,22
92,59
92,3
94,37
96,3
92,02
83,96
100
77,03
88,95
94,44
97,73
93,14
84,98
98,15
90,06
94,44
97,22
93,22
90,07
94,29
94,99
94,53
97,22
90,06
97,22
97,3
89,81
94,44
95,37
94,44
83,07
94,44
97,22
93,52
88,34
88,07
100
90,45
95,18
98,32
93,52
94,44
89
91,67
88,51
96,3
92,59
92,9
92,48
95,03
90,74
84,3
94,99
97,22
94,44
87,96
93,85
91,83
95,37
94,44
90,82
97,22
87,41
94,25
89,31
84,77
92,59
83,7
85,94
89,18
88,92
95,63
87,96
94,44
95,37
90
89,58
85,35
94,44
95,39
95,42
91,22
87,21
91,26
93,16
89,53
94,22
90,18
83,56
93,69
91,66
96,3
96,73
92,59
86,33
86,21
97,22
92,45
87,72
96,02
95,24
89,26
87,94
87,67
91,08
92,23
95,94
90,49
90,6
92,59
89,81
92,59
92,68
92,3
87,7
89,74
95,99
88,08
91,46
95,54
88
93,64
87,27
92,01
79,39
91,67
95,37
93,72
90,71
92,88
89,12
91,53
92,59
83,55
97,22
90,23
98,15
87,46
96,17
90,57
98,15
93,69
89,81
86,12
93,38
93,52
93,5
91,92
97,22
93,09
80,93
98,15
86,62
85,22
95,54
95,01
83,76
94,67
95,06
91,75
88,53
95,01
92,96
88,21
88,81
93,3
98,15
94,8
81,9
86,83
97,85
94,44
100
92,59
92,47
97,22
95,37
92,92
95,06
90,43
89,14
97,22
83,92
89,52
90,91
94,44
97,22
95,68
91,67
89,26
96,07
97,22
89,51
88,75
82,98
88,64
93,13
85,97
83,56
83,64
98,15
95,37
94,44
98,29
97,22
97,84
94,44
91,11
91,67
97,84
89,81
97,22
97,22
95,37
100
92,65
89,46
92,02
96,3
90,74
100
95,37
89,81
96,71
87,65
92,16
94,44
91,61
93,52
87,35
100
89,68
89,63
94,61
95,87
86,73
95,06
100
85,38
98,15
95,37
88
92,11
88,89
95,54
94,44
92,28
93
92,88
96,46
98,15
95,99
95,05
85,8
92,9
97,22
91,67
98,15
94,57
93,93
89,25
94,44
95,99
94,61
94,44
95,37
92,57
92,4
90,28
97,22
94,44
87,09
92,59
97,39
93,38
94,44
89,98
96,01
85,04
94,44
100
93,32
100
79,96
83,82
95,06
89,19
96,35
86,19
100
86,19
98,15
92,59
86,68
83,11
91,77
93,52
84,57
89,46
90,74
84,98
94,44
91,2
94,31
89,32
89,06
85,82
89,51
88,89
92,36
95,37
97,22
97,22
93,21
93,52
90,49
90,85
92,59
84,57
98,15
100
87,96
91,23
78,29
85,52
89,52
97,22
88,58
97,03
97,22
92,45
87,96
92,65
90,58
74,69
92,59
100
94,76
90,74
91,67
92,56
90,6
87,48
95,06
93,21
94,44
98,15
92,65
96,04
90,21
88,13
90,12
94,25
84,39
87,31
90,74
84,72
90,15
92,7
87,5
90,74
94,44
92,9
93,14
100
83,25
92,91
93,52
91,36
91,06
87,04
96,41
90,74
90,16
95,37
93,52
85,21
88,89
87,35
92,59
89,65
91,44
85,19
89,84
82,57
92,59
87,73
91,72
87,65
82,03
97,02
92,59
89,62
91,23
89,81
89
89,56
94,44
86,07
95,99
92,68
89,5
87,33
91,67
93,95
97,84
93,21
93,52
87,65
91,47
92,28
96,35
85,92
97,22
85,37
96,54
89,81
94,44
87,65
95,37
91,67
96,3
88,89
86,96
91,04
94,44
97,3
83,97
89,58
97,84
91,67
94,44
85,19
94,44
92,59
94,55
95,06
92,46
97,22
94,44
85,68
77,99
85,68
94,44
97,86
92,04
95,7
89,35
85,16
94,44
88,69
91,67
88,58
90,85
91,67
87,85
95,37
94,53
86,3
95,37
97,84
94,44
94,01
96,98
97,22
91,36
95,37
91,6
85,09
82,18
95,18
94,2
94,32
87,96
85,36
78,39
84,88
87,54
94,44
91,69
91
91,41
87,04
92,72
90,85
83,98
94,44
94,44
83,95
92,9
95,01
91
87,51
98,15
90,74
95,09
98,15
89,81
100
88,72
91,67
91,67
94,44
92,59
94,41
98,15
84,15
86,37
92,55
90,14
89,91
95,37
91,08
93,94
100
93,38
89,44
93,91
85,34
87,26
82,2
93,36
97,22
86,72
89,14
94,61
98,15
93,73
91,67
97,22
88,89
94,44
84,45
96,3
84,42
91,67
86,11
97,22
89,37
97,08
96,14
85,93
87,47
85,75
89,18
91,82
90,43
95,14
95,06
98,15
95,99
94,44
86,89
89,92
80,85
89,37
87,83
85,52
89,83
94,44
90,99
94
97,22
94,61
86,55
87,62
86,58
84,41
89,05
93,5
93,83
90,3
94,53
87,15
88,98
92,93
82,96
83,9
88,58
83,89
97,84
91
97,84
91,78
95,37
85,03
88,17
100
97,39
87,29
89,57
92,28
87,16
97,22
94,53
79,66
90,53
93,39
95,37
92,59
97,84
95,37
94,32
94,44
91,52
82,75
84,8
83,04
96,3
85,3
75,87
93,52
100
83,33
94,44
81,43
100
97,22
96,2
93,3
95,54
80,65
87,68
90,68
97,22
90,47
97,22
88,94
97,22
92,64
92,35
97,85
91,23
85,35
98,15
97,79
93,39
97,22
97,86
97,22
89,43
98,32
93,85
97,22
92,28
97,08
100
94,53
83,11
88,83
92,01
100
95,66
94,3
89,81
96,11
97,22
92,61
87,49
89,46
92,3
96,17
97,22
95,62
97,22
94,98
92,76
94,44
89,9
90,11
95,32
95,94
90,31
88,83
94,01
96,67
100
97,22
92,99
93,52
86,91
91,77
92,23
90,35
86,68
86,42
90,68
90,4
94,44
87,92
87,92
89,52
95,09
96,46
94,75
98,15
91,1
96,15
95,73
86,85
96,1
91,54
97,22
90,09
85,73
92,29
95,01
100
95,37
93,6
97,86
97,22
96,38
95,08
96
89,16
97,86
89,54
95,01
86,41
94,87
90,02
84,63
98,23
97,22
86,48
92,23
91,74
94,44
90,63
85,7
93,45
91,31
96,63
90,61
97,79
96,3
91,08
97,77
98,3
94,44
91,67
86,81
93,2
96,25
86,49
100
88,5
94,5
90,8
91,47
92,23
90,74
86,68
94,44
100
95,37
90,4
91,62
89,66
92,27
97,6
91,82
95,02
90,34
100
92,65
92,96
97,83
89,97
92,28
88,64
95,37
90,02
97,39
92,76
95,06
91,56
91,75
91,45
89,18
83,35
95,74
85,17
94,44
97,79
87,74
93,26
90,31
93,52
92,87
95,72
96,35
95,34
88,46
97,93
92,87
92,76
91,67
100
84,83
91,67
89,81
80,6
96,35
90,67
85,56
95,16
97,22
95,9
95,37
100
96,3
86,98
92,28
92,4
89,99
92,72
91,37
94,2
87,67
93,44
91,32
90,82
97,95
98,15
89,36
86,75
86,65
89,31
89,26
75,57
90,95
86,68
93,8
88,85
100
97,17
93,69
97,22
94,53
86,44
96,52
95,05
96,3
91,67
87,23
86,22
93,07
95,12
93,93
92,59
89,26
93,02
96,12
84,73
89,54
90,09
85,55
96,3
94,44
89,93
94,55
97,79
85,72
96,1
89,52
92,85
91,64
87,2
98,3
97,85
95,37
86,57
82,69
94,44
90,55
95,94
97,22
98,15
94,44
90,64
83,11
88,47
100
95,58
94,44
94,44
94,44
95,58
95,37
98,15
89,52
92,75
95,99
94,85
92,59
97,22
89,03
93,76
93,85
95,37
92,28
93,42
90,45
92,61
92,3
85,24
93,41
90,4
97,22
89,58
93,32
94,07
97,85
88,25
90,74
83,11
91,08
92,88
89,13
91,11
98,15
97,08
81,24
91,08
91,08
97,22
91,82
88,89
92,76
87,65
95,37
92,27
92,48
89,6
91,79
95,37
88,13
95,94
85,75
95,37
97,22
88,81
87,77
100
100
92,59
95,37
90,13
83,16
92,87
97,84
91,12
100
95,08
93,13
95,03
86,57
96,71
94,44
84,71
92,23
88,51
100
89,14
95,26
91,67
93,52
89,04
95,96
88,68
88,89
89,72
91,75
95,17
84,57
97,22
91,36
100
96,71
77,76
93,52
98,15
96,61
92,59
91,67
91,67
89,65
90,74
88,74
94,97
95,69
94,44
90,74
84,26
91,67
100
90,28
84,47
89,43
98,15
88,68
92,21
86,12
92,21
94,01
92,19
96,08
95,37
91,67
92,64
86,95
92,39
97,79
87,69
89,03
87,04
84,57
93,49
93,93
90,74
83,81
83,26
92,23
100
91,73
88,5
85,82
85,85
100
91,75
89,34
94,44
93,83
89,81
92,71
94,94
90,64
94,44
87,96
90,58
87,78
97,73
89,87
97,22
91,83
90,74
100
91,95
89,81
91,64
94,86
94,86
93,21
94,44
95,15
89,08
94,22
90,82
87,7
91,43
86,8
93,52
89,55
86,19
97,57
97,22
87,06
97,22
86,3
95,23
91,2
100
91,67
89,38
100
90,23
85,78
100
90,99
89,26
95,31
89,3
92,85
96
91,75
84,92
95,48
94,55
87,62
93,16
89,51
89,98
92,23
96,63
95,92
95,09
94,64
89,22
93,52
94,44
97,79
93,52
91,67
93,69
97,79
66,4
87,79
88,94
94,44
96,3
89,9
93,63
95,54
100
94,1
87,97
98,15
93,69
86,49
87,26
98,32
90,76
97,22
94,86
94,64
92,59
90,68
83,66
93,63
87,96
97,22
92,59
88,76
87,8
91,73
92,23
98,15
75,14
95,96
95,37
85,24
92,97
94,44
88,74
84,64
95,75
88,34
87,46
87,15
87,08
88,27
91,67
97,22
95,08
90,21
88,65
95,37
87,24
88,3
94,44
92,18
93,16
92,07
93,14
95,08
93,45
85,42
88,21
86,04
86,04
92,59
92,59
86,28
81,9
91,52
100
92,59
85,63
86,11
87,29
100
88,75
90,74
89,9
88,89
87,58
83,95
93,16
97,22
95,06
82,98
80,51
92,59
94,61
82,27
89,51
94,51
91,06
91,36
90,21
88,85
91,36
93,25
86,84
91,8
95,08
82,98
89,81
97,22
86,98
86,73
100
92,23
96,92
87,18
89,28
92,51
89,19
91,15
97,3
89,51
91,25
89,81
91,84
97,22
100
87,07
88,55
81,59
97,22
84,67
100
87,6
91,67
94,44
89,51
95,37
87,12
90,74
87,96
89,93
88,04
86,29
85,19
88,07
97,08
94,44
86
96,3
100
91,13
85,13
92,3
88,97
88,13
91,41
95,06
92,76
93,21
89,26
97,22
95,37
95,79
77,47
97,22
90,05
91,88
89,63
100
84,52
95,54
92,52
95,54
87,64
85,68
75,9
90,45
92,27
77,51
81,76
93,9
90,06
93,71
83,77
91,54
95,06
91,16
91,05
98,15
94,42
82,27
91,67
81,26
93,69
90,21
82,1
90,57
91,67
95,46
92,67
97,22
98,3
93,59
91,67
89,81
93,52
94,61
89,95
92,71
93,3
92,05
93,21
88,08
88,81
96,46
92,76
78,44
85,73
87,25
97,22
95,06
84,99
96,54
93,2
88,89
91,67
91,5
80,71
93,12
98,2
91,46
89,21
92,37
88,69
97,79
98,24
89,78
97,22
86,38
91,81
95,01
92,28
97,03
95,37
83,51
95,85
91,42
90,28
93,93
82,62
85,79
95,37
84,68
91,99
100
93,74
91,69
92,85
82,78
96,46
90,91
98,15
83,65
89,46
84,78
85,19
85,34
91,67
94,82
92,59
92,76
88,55
96,45
79,59
92,38
95,03
95,87
83,5
91,77
88,89
88,01
89,24
97,22
97,85
94,53
88,34
95,37
95,37
92,57
95,08
92,9
90,58
91,62
86,03
98,15
83,11
97,22
92,67
94,53
89,9
92,76
80,56
98,15
89,96
97,22
92,76
90,05
88,13
89,38
78,62
85,48
82,16
95,63
89,42
86,74
88,3
92,59
97,22
91,22
88,69
85,5
93,71
80,9
90,99
82,4
90,26
97,22
80,96
92,54
89,47
91,14
100
92,59
97,84
90,26
92,61
88,24
85,65
100
89,19
82,27
89,56
95,26
98,15
97,22
95,37
91,83
93,28
88,03
92,4
97,85
97,58
86,74
95,45
97,22
93,61
90,62
92,28
89,77
95,54
98,15
100
86,04
91,31
81,4
92,71
89,51
89,22
90,27
92,28
92,08
96,79
91,83
88,58
95,65
95,54
95,14
83,66
85,93
89,51
82,88
89,23
77,25
84,26
91,11
88,63
93,48
81,19
92
92,59
98,29
91,88
78,75
93,47
84,91
89,91
92,04
94,53
87,15
92,08
93,29
96,3
92,04
81,1
92,6
84,19
85,57
94,56
89,59
84,18
89,06
86,7
91,72
92,97
94,44
93,57
97,08
92,37
89,88
94,44
95,08
90,51
92,92
95,06
94,1
97,03
90,37
90,8
90,22
86,12
94,19
94,44
89,83
84,14
91,85
93,43
88,69
90,3
95,09
95,68
96,3
92,28
88,01
86,78
83,64
95,08
82,9
91,05
95,23
94,44
94,61
96,77
89,75
95,28
91,65
79,23
95,37
87,79
96,06
83,08
95,37
93,69
89,53
93,52
92,87
95,37
95,06
98,15
94,44
88,3
96,3
89,69
96,3
91,15
91,97
92,59
92,76
95,37
81,8
89,07
91,84
89,65
89,59
100
92,23
95,37
86,11
83,19
89,98
86,94
92,86
84,55
87,82
90,52
83,15
97,22
95,54
83,52
84,26
94,87
97,6
97,22
85,1
92,34
95,05
98,32
84,75
94,53
87,04
97,22
91,27
92,59
96,58
87,21
90,54
86,28
83,86
97,69
88,97
80,13
89,15
87,96
94,82
87,6
94,44
88,69
96,46
92,21
93,8
84,06
98,15
88,47
97,22
95,54
89,1
100
86,28
93,52
100
91,83
89,94
89,54
97,22
100
96,3
92,59
97,22
93,59
96,63
86,89
97,93
89,46
98,24
90,06
93,7
92,23
95,71
92,35
90,12
93,52
88,5
92,59
94,82
91,5
92,81
98,15
90,28
91,67
88,38
93,93
91,36
89,29
90,55
100
97,01
91,67
83,69
88,69
92,33
97,85
95,37
92,59
89,81
100
85,75
95,37
91,52
81,48
93,21
93,52
94,09
97,22
90,76
89,7
92,37
90,32
89,7
84,6
100
94,15
95,42
88,63
96,97
95,54
97,08
95,44
94,61
78,96
94,53
83,58
87,96
91,84
96,37
79,33
92,37
83,56
98,22
95,37
94,44
89,36
93,52
97,91
88,13
93,8
78,68
97,22
82,51
98,15
83,11
90,74
94,44
90,67
85,99
90,67
89,98
85,11
89,06
83,44
96,09
94,65
91,67
92,06
89,73
97,22
88,03
88,89
89,36
94,67
92,59
75,02
96,3
93,34
91,81
95,37
86,17
94,44
94,14
90,85
87,65
92,12
97,22
96,23
89,71
97,02
87,09
97,22
84,22
96,67
92,59
93,17
91,98
95,15
98,15
97,22
92,49
95,82
93,93
100
96,72
94,14
100
87,04
82,5
91,67
90,74
83,37
90,8
92,59
89,78
98,26
94,6
94,44
90,46
87,46
91,41
84,96
87,96
92,41
92,59
84,51
89,13
84,19
89,2
95,17
92,67
97,22
87,57
79,47
87,75
95,45
90,12
100
88,05
77,44
95,37
85,52
83,9
90,55
95,54
88,92
96,46
89,81
92,76
90,74
91,23
86,19
89,52
93,38
83,57
92,35
86,5
83,39
89,87
92,59
86,92
92,32
87,32
96,3
88,4
85,16
97,22
87,96
94,25
98,15
81,97
93,32
98,15
97,08
84,69
95,74
94,44
93,14
94,84
96,61
92,79
83,58
97,84
89,11
94,79
92,46
95,43
92,12
91,33
94,58
94,3
94,35
90,85
88,67
92,23
94,7
91,74
93,42
92,37
88,86
93,36
79,61
95,54
89,51
96,75
92,04
97,22
92,59
97,22
92,16
91,02
89,17
91,25
94,44
97,86
92,32
100
100
93,44
97,05
92,59
94,44
97,79
82,76
92,65
91,67
88,94
93,2
85,36
90,74
93,52
87,27
96,46
88,22
89,25
88,59
90,32
89,51
95,46
81,53
87,04
89,3
89,06
94,3
90,52
85,83
84,45
98,3
85,48
89,81
91,78
95,17
100
92,97
87,63
88,07
95,13
94,44
90,42
89,81
92,81
90,57
91,76
80,4
85,29
95,37
95,06
91,51
84,47
84,42
85,17
82,83
98,15
92,45
94,12
92,28
92,28
90,06
89,12
89,28
89,51
95,7
85,13
89,98
95,54
97,91
91,67
90,34
100
98,15
82,24
95,63
88,89
97,22
100
97,22
90,95
97,22
94,81
92,3
95,08
91,05
95,19
92,59
94,82
93,09
94,74
87,96
84,57
95,15
100
92,42
91,67
86,55
85,12
91,36
95,01
91,28
85,93
95,37
89,98
94,07
97,85
92,22
90,93
80,56
98,32
100
91,61
89,81
93,38
97,22
97,77
88,33
91,07
96,97
86,07
90,85
97,22
73,85
89,96
98,24
87,38
85,1
84,36
95,01
94,59
86,11
89,44
88,32
90,85
92,61
92,17
91,29
77,01
90,01
94,44
77,55
97,22
90,72
85,93
89,98
89,58
85,37
96,3
89,38
84,63
85,19
91,67
90,59
97,91
92,67
89,62
84,97
86,72
83,99
92,67
82,73
93,85
97,03
84,76
87,56
90,91
95,17
82,01
95,08
94,86
93,61
94,88
90,28
91,08
89,07
97,22
91,64
93,38
92,28
90,37
93,6
90,3
90,63
92,68
89,51
85,04
88,89
92,69
100
86,79
89,06
87,96
86,86
81,14
95,64
95,46
92,59
87,22
91,45
95,37
88,78
93,08
87,65
97,22
95,37
95,53
94,44
89,38
92,22
79,52
89,7
94,44
97,84
97,79
97,79
95,06
87,57
92,36
91,28
94,44
86,29
91,67
94,44
96,45
91,98
93,59
88,62
100
89,81
98,24
98,2
87,23
81,19
85,51
86,42
85,84
97,4
96,61
97,3
98,04
97,84
91,84
93,69
88,52
92,23
94,75
92,93
94,44
85,03
91,67
87,51
84,26
90,6
88,91
77,26
95,87
85,72
97,84
91,14
80,67
91,67
91,89
90,74
96,3
86,25
92,4
94,44
90,31
87,68
87,2
88,82
85,19
93,52
94,3
94,37
93
81,41
95,43
83,5
84,37
78,51
94,82
84,76
98,15
89,61
95,28
93,52
91,52
88,47
96,76
90,25
94,3
100
87,77
88,17
97,84
92,66
85,09
93,52
92,85
89,81
95,37
83,92
86,77
86,81
95,37
81,9
90,38
89,81
92,8
77,81
89,84
96,3
93
97,22
100
92,97
87,21
94,44
91,67
84,47
91,85
93,23
93,47
97,22
94,74
93,6
88,64
95,06
87,52
94,3
92,8
84,65
93,52
92,09
95,01
94,33
85,89
100
87,01
80,04
89,43
90,67
98,15
90,73
79,77
85
88,94
91,84
92,59
88,42
86,11
92,84
91,75
93,24
74,57
94,27
100
94,77
86,48
90,15
93,93
95,08
93,22
85,09
90,51
94,44
92,75
97,22
73,15
89,57
95,51
86,16
97,22
88,43
89,81
94,44
84,07
89,81
89,98
90,62
91,64
86,48
79,19
79,75
94,93
97,22
91,3
90,52
92,76
88,12
92,59
97,05
98,32
90,28
92,75
86,82
93,18
91,93
88,77
94,86
88,59
87,84
84,45
89,9
87,04
90,83
86,53
89,06
84,57
96,38
88,62
87,21
92,68
97,84
83,51
84,1
88,07
91,67
92,15
97,22
91,78
90,43
97,84
93,84
80,49
89,59
93,61
95,06
97,22
89,38
87,48
87,47
86,96
86,13
93,21
97,22
93,61
100
93,41
86,11
87,35
95,06
95,37
91,91
94,6
89,81
93,52
97,22
89,67
80,6
90,74
91,23
90,98
94,44
95,37
82,83
85,07
90,38
92,98
100
97,91
88,28
92,47
100
85,8
94,44
92,75
94,28
83,79
90,16
89,63
96,84
91,49
89,37
92,9
78,28
85,97
94,53
84,22
97,59
84,31
86,04
88,65
97,22
91,87
91,67
89,47
97,22
91,67
96,79
93,04
95,06
90
89,26
91,47
96,98
77,68
97,84
96,17
86,11
88,89
97,22
93,52
98,2
92,21
93,52
100
90,85
95,74
90,52
90,74
91,23
90,45
91,14
90,19
98,15
82,89
94,99
88,24
95,37
83,41
90,04
85,53
89,93
84,89
95,01
92,44
89,57
98,15
94,6
95,6
93,83
83,01
93,14
95,24
91,5
91,84
92,28
97,22
91,67
92,17
83,73
92,37
97,84
92,76
86,67
97,93
92,59
90,46
96,63
85,31
95,82
98,05
89,9
89,51
95,64
100
97,22
93,28
94,94
87,93
84,04
90,02
84,19
95,06
79,43
86,38
94,41
97,22
90,74
90,2
96,38
87,48
89,81
91,31
89,81
81,15
90,73
87,55
93,21
97,57
81,23
94,6
84,83
89,99
91,41
83,33
90,82
89,9
95,53
88,98
98,15
90,49
95,54
94,17
93,73
88,75
90,93
84,33
92,59
89,15
93,52
90,71
89,94
90,09
88,25
88,68
92,4
88,67
84,77
92,76
87,76
84,18
88,61
96,54
88,7
86,74
81,95
100
88,85
97,22
73,53
91,83
89,98
93,01
90,81
97,22
100
98,32
86,73
82,39
94,3
87,68
86,74
93,61
95,37
92,3
80,2
94,14
91,75
88,02
90,12
87,37
80,84
91,44
97,22
92,96
91,85
88,2
95,37
91,23
91,53
87,96
87,61
86,83
93,52
88,68
92,84
91,47
90,74
95,37
87,49
91,58
90,38
91,06
89,26
91,67
91,24
93,21
91,12
94,44
95,37
85,2
95,37
92,28
86,19
94,02
95,37
88,29
95,99
88,94
91,67
89,9
96,3
87,55
92,3
89,54
88,89
88,49
84,93
90,2
77,95
92,33
93,01
89,05
94,44
90,05
84,06
93,21
100
86,72
89,81
94,3
89,81
91,75
87,33
90,06
95,51
77,58
85,12
88,23
95,3
94,9
91,75
95,35
91,73
95,37
92,72
89,71
100
83,7
90,06
97,22
86,58
92,16
96,97
92,59
95,52
87,44
89,98
80,05
74,35
94,44
89,51
92,01
86,78
93,21
93,26
89,69
89,2
88,08
91,67
93,52
98,24
100
79,04
82,2
85,79
90,85
87,65
91,61
85,41
95,05
93,52
90,67
91,06
84,1
94,46
92,28
88,89
88,89
85,72
97,22
92,47
88,89
89,07
100
97,22
95,68
85,51
95,52
88,64
95,54
87,04
90,85
87,17
91,67
92,04
83,19
96,3
89,2
94,44
91,47
86,26
100
89,62
88,26
84,43
95,11
94,98
91,93
92,82
90,35
90,75
86,37
89,9
91
91,53
90,64
87,14
91,67
92,59
88,55
92,22
90,74
88,89
85,17
93,77
84,93
85,49
79,45
97,22
97,84
90,23
85,22
86,17
98,15
100
90,43
82,62
92,46
90,91
90,97
97,22
85,65
88,82
96,79
94,99
81,02
93,28
90,15
90,74
97,39
95,54
82,88
94,1
94,44
91,83
84,05
93,61
95,72
87,82
89,72
89,38
92,59
86,33
91,28
90,53
92,76
89,62
90,48
93,77
83,81
92,76
85,59
82,94
85,35
91,93
92,35
85,25
94,11
88,51
90,14
88,64
95,37
85,88
95,06
88,44
94,84
100
93,69
95,37
94,03
92,12
84,43
92,59
93,1
95,37
86,02
86,17
97,08
92,59
95,07
97,22
85,43
84,09
92,76
92,71
92,07
90,18
88,22
93,07
95,15
89,55
91,67
95,35
86,45
88,58
89,25
97,22
90,47
90,72
95,08
90,85
98,15
88,58
92,76
94,44
90,11
86,15
92,76
90,69
89,98
91,09
90,19
94,76
87,31
89,59
95,01
93,57
82,74
95,21
87,92
89,38
93,85
91,58
97,73
89,51
85,94
94,44
87,67
87,95
90,6
96,1
90,59
94,44
88,61
92,87
88,42
87,32
92,4
92,25
90,56
96,55
98,24
90,54
83,4
87,89
92,32
92,45
92,97
85,62
91,3
97,22
92,76
93,31
90,72
91,33
89,26
82,52
91,84
92,67
97,22
89,38
89,92
86,97
92,88
93,63
83,72
81,12
92,28
91,67
89,98
97,73
87,04
79,63
95,37
92,06
91,17
87,76
91,06
100
95,61
96,63
93,21
93,69
86,28
95,01
97,22
94,44
95,37
90,06
96,46
87,74
85,8
94,88
92,8
83,64
87,7
95,05
86,11
92,5
94,44
87,88
85,43
91,67
95,54
90,82
92,59
91,83
91,52
87,96
92,76
93,74
92,09
91,53
100
87,29
93,17
81,76
95,97
89,81
87,74
88,89
94,44
89,98
96,3
91,72
83,27
85,47
93,85
94,44
92,17
95,37
92,1
92,59
100
95,06
92,32
94,06
89,81
85,47
97,22
93,21
89,35
91,08
93,38
87,28
92,59
90,23
97,05
85,72
97,84
97,44
88,45
94,44
84,57
97,22
87,41
97,22
95,23
100
100
95,17
90,5
95,06
89,81
85,19
95,37
87,09
100
92,47
84,89
97,84
93,21
100
85,19
98,15
97,56
92,84
98,2
88,3
81,22
92,06
95,37
91,88
97,22
95,05
91,88
89,31
93,52
95,54
88,05
97,22
91,39
87,41
89,98
87,01
93,52
91,67
86,73
91,67
87,21
87,81
86,2
96,15
91,24
89,49
87,84
92,8
89,74
90,54
95,37
85,42
97,22
89,57
97,22
92,32
86,81
94,66
89,16
95,37
85,23
92,76
96,72
95,37
95,17
91,2
83,3
93,13
84,34
91,81
91,19
100
93,16
87,23
98,15
90,07
84,24
91,47
90,47
82,39
95,37
91,8
98,15
100
95,54
92,59
95,45
100
91,57
91,1
90,71
93,7
94,44
94,44
83,12
90,42
90,74
87,72
89,62
89,02
85,99
98,15
88,76
92,76
96,46
91,83
93,16
96,92
97,39
87,79
91,09
100
94
94,44
92,59
98,15
95,99
95,54
92,76
95,01
89,06
87,19
86,8
91,67
89,08
95,52
93,36
93,16
82,81
97,11
86,03
89,81
90,46
94,44
89,47
87,06
93,98
94,44
95,06
85,48
88,12
94,44
93,94
83,66
78,8
89,51
88,97
92,44
81,01
86,68
83,66
93,69
95,68
92,59
92,51
92,59
92,59
87,91
94,05
84,21
95,68
93,28
89,02
88,03
89,91
94,37
94,44
100
95,05
83,87
92,59
92,28
89,24
85,1
90,23
96,3
89,66
91,29
94,11
91,05
87,77
88,83
90,91
89,62
93,38
95,46
78,93
97,22
89,57
86,73
86,89
98,15
95,92
92,59
97,22
93,98
85,56
91,06
93,21
92,76
97,22
92,85
92,75
97,22
90,83
95,13
88,59
95,58
94,44
93,52
93,89
86,74
92,48
97,84
91,02
97,22
83,7
89,98
95,37
92,33
79,9
85,14
95,54
94,5
91,67
100
91,35
89,26
88,89
91,63
96,3
87,24
86,19
87,82
95,51
88,63
97,22
93,28
88,89
100
93,16
97,22
94,44
92,76
87,08
84,49
95,54
97,22
87,11
87,4
88,89
92,76
89,97
94,44
90,12
94,61
92,56
89,74
90,93
78,97
86,19
98,32
94,44
91,67
94,27
97,26
95,01
93,8
98,15
95,54
100
92,36
97,22
87,6
91,23
90,93
94,44
95,37
87,86
88,59
97,22
89,88
89,54
92,11
89,64
95,58
88,79
91,28
88,42
95,36
93,63
96,3
95,88
95,51
90,74
95,08
83,42
87,47
89,31
92
91,29
94,3
83,43
95,54
92,8
91,45
93,52
91,48
91,67
91,74
95,03
90,74
94,3
95,37
97,22
97,22
91,67
91,2
93,16
94,84
95,37
94,44
97,22
95,37
86,82
88,23
88,61
92,8
96,1
97,22
97,22
93,31
92,59
87,7
87,61
97,22
87,6
87,96
85,96
90,45
86,14
91,11
85,8
97,22
92,67
98,3
88,59
93,52
88,05
91,75
91,2
94,5
80,12
88,8
95,06
87,48
87,12
83,87
97,22
95,05
92,78
84,03
88,59
87,26
89,09
92,59
81,93
95,37
92,59
93,12
91,11
77,53
88,89
85,48
89,07
80,83
94,82
90,63
87,4
92,16
87,64
92,45
84,04
83,51
91,81
83,92
93,52
92,34
95,01
91,11
92,04
98,15
96,3
94,61
86,74
89,02
95,52
88,79
85,75
84,83
86,84
94,53
94,44
100
90,1
90,5
76,97
93,45
92,27
94,24
97,85
92,16
89,75
83,69
94,02
92,85
100
87,67
89,26
97,85
83,04
98,32
86,41
95,03
88,72
88,13
88,7
94,44
95,37
90,06
98,05
97,22
95,37
94,44
93,94
82,57
88,72
92,17
90,85
94,44
81,31
96,71
81,82
93,26
88,97
93,38
82,15
97,22
91,08
94,87
79,88
96,41
92,76
91,67
98,15
94,92
79,29
95,01
93,13
81,19
89,9
87,99
97,39
91,67
89,51
92,03
97,83
85,85
92,89
91,12
89,81
82,67
95,03
90,52
100
90,04
89,88
89,12
91,27
87,81
96,3
95,13
90,74
93,36
85,7
87,68
89,23
95,14
91,11
95,17
95,25
86,43
89,99
83,95
90,35
92,65
89,47
85,03
92,28
93,18
85,84
93,73
97,22
87,4
92,2
77,93
97,3
89,16
90,36
89,12
81,52
95,37
87,37
89,81
92,15
96,1
88,4
89,53
94,05
89,01
89,93
88,97
88,16
91,72
86,18
91,28
89,55
85,48
95,54
89,78
88,87
95,37
98,15
87,17
95,06
97,6
95,01
93,95
87,77
91,36
87,74
91,31
96,3
86,97
88,17
100
86,29
85,13
83,56
81,24
94,82
93,28
88,63
85,43
93,3
92,3
92,21
92,23
93,57
95,52
85,83
88,65
90,31
94,61
94,61
91,37
92,14
88,59
87,14
88,78
93,21
86,93
88,26
95,37
95,3
91,86
86,87
93
97,22
93,48
94,99
86,57
95,99
91,67
90,74
94,44
97,22
92,91
93,12
88,63
95,27
88,7
78,51
90,74
91,93
89,5
93,43
86,23
95,17
83,5
95,06
89,54
93,13
92,59
92,2
93,66
94,44
91,89
90,34
100
82,55
95,15
97,31
90,4
95,01
94,92
91,51
90,77
81,65
94,44
87,96
87,96
91,67
84,45
88,89
100
100
92,59
84,72
93,52
93,85
94,44
95,37
96,3
94,99
98,15
87,15
94,47
92,23
89,51
93,52
96,63
89,7
91,95
92,81
91,55
89,61
91,67
100
91,67
92
86,82
94,44
93,21
88,81
88,68
92,59
93,52
94,53
93,63
91,41
94,09
80,59
87,97
89,34
96,1
87,04
88,89
86,11
93,95
100
90,74
87,96
93,01
91,08
95,37
90,74
89,87
96,3
91,67
97,22
97,3
84,49
100
97,84
88,56
100
91,67
97,22
81,97
84,89
95,01
90,8
92,59
84,26
95,02
91,67
93,13
85,85
92,28
88,97
91,61
88,32
94,44
98,15
91,67
97,22
95,37
92,28
92,04
97,22
84,43
92,28
92,17
91,67
88,71
94,44
93,8
96,3
91,67
92,08
95,01
76,69
90,54
98,29
93,36
91,67
91,67
98,24
92,28
94
91,74
91,67
85,19
86,11
96,46
92,27
97,84
94,96
94,98
88,89
100
97,08
89,93
100
97,84
97,22
100
91,95
87,92
89,12
91,77
100
84,02
96,01
86,6
90,6
86,14
91,24
88,82
94,44
78,43
94,44
95,05
100
90,71
84,6
86,28
83,23
100
84,29
93,52
90,61
95,05
93,21
93,28
93,93
89,58
75,86
95,01
92,59
97,22
92,04
92,33
78,25
89,7
83,59
91,67
95,81
92,84
91,55
95,05
83,4
88,03
97,83
86,17
91,75
87,36
89,7
87,96
92,37
91,22
91,99
85,31
93,32
91,84
89,9
81,17
92,28
91,67
90,91
91,67
90,95
87,32
83,18
84,28
87,09
90,74
89,31
97,22
92,89
89,3
95,06
94,44
91,75
89,57
100
94,61
93,93
84,98
97,84
91,23
90,74
95,25
93,28
91,36
89,35
97,49
81,9
87,82
92,52
87,88
92,3
94,2
85,19
93,21
88,83
100
94,93
88,19
85,39
100
91,03
86,02
88,72
93,57
81,94
97,22
85,73
89,81
90,43
98,15
87,96
85,91
88,9
92,45
95,37
93,21
90,36
97,05
95,99
95,37
93,27
90,16
85,37
89,81
97,22
88,46
89,51
98,15
97,22
93,82
96,3
92,68
88,45
88,94
100
100
91,5
79,9
82,89
100
93,21
95,37
80,04
84,31
93,82
90,54
95,43
96,3
89,93
91,82
100
94,08
92,59
89,62
86,89
92,28
86,99
87,12
94,19
88,06
94,44
100
98,03
95,99
88,59
91,65
95,68
96,3
94,79
94,22
97,08
92,59
96,45
90,38
91,4
87,6
90,6
96,71
92,04
86,82
98,15
92,28
95,06
91,19
91,67
95,06
86,68
87,89
93,13
94,44
91,77
94,44
87,6
87,04
82,99
93,63
92,59
90,61
84,66
89,51
94,19
93,52
90,81
86,36
96,46
92,21
92,59
98,32
91,13
90,01
97,22
92,65
93,52
81,3
92,76
91,67
90,74
86,91
100
94,93
95,37
89,15
84,68
98,32
84,83
96,08
92,23
88,09
97,84
95,37
96,3
90,91
83,14
84,19
94,04
93,01
100
89,81
94,33
94,31
93,52
88,99
97,22
96,15
100
82,44
86,74
86,82
100
97,22
94,86
87,85
87,95
97,22
100
97,5
94,3
95,74
86,28
82,93
89,89
100
88,16
89,34
100
93,85
89,67
87,59
91,86
94,44
94,01
91,83
93,18
84,26
96,23
97,85
94,78
89,81
91,23
93,16
94,44
90,5
97,22
89,03
90,52
91,14
89,05
90,74
86,57
97,22
92,97
92,59
97,08
91,88
96,3
87,2
87,3
93,23
92,59
93,85
100
78,57
100
87,48
94,01
91,41
86,42
97,22
89
91,08
94,44
92,76
89,98
87,27
91,97
94,92
93,85
92,04
93,98
100
91,22
89,81
88,36
95,86
81,16
94,44
97,22
84,1
95,37
94,44
97,22
94,44
89,78
88,45
88,58
86,36
86,42
94,58
83,02
96,3
92,05
91,16
91,75
84,38
91,08
88,97
98,3
96,7
91
88,07
79,44
86,59
87,59
86,63
84,47
83,73
89,52
89,14
77,43
80,75
91,23
95,37
96,3
82,73
85,87
85,97
85,11
86,22
84,49
89,38
87,79
88,46
87,82
79,96
93,69
95,15
87,39
88,46
84,79
90,26
89,98
92,9
84,19
89,35
92,74
88,21
90,91
98,15
98,32
89,62
94,44
92,21
97,22
87,46
98,32
93,22
95,64
91,97
89,51
87,83
92,87
95,06
89,52
83,95
82,83
90,59
91,67
97,03
80,23
92,59
87,15
91,67
98,15
87,94
88,22
84,93
86,77
94,85
96,32
97,08
86,09
93,93
91,5
94,28
100
89,08
91,41
97,22
94,82
92,59
97,22
94,44
92,62
95,46
90,74
92,9
89,05
97,22
87,96
88,39
95,37
94,15
91,84
98,15
97,22
91,47
95,37
91,38
100
95,23
83,21
91,67
98,15
91,46
95,94
95,37
98,03
96,3
94,14
90,81
92,45
97,81
100
92,69
100
92,59
95,01
91,67
90,91
86,15
91,47
94,44
95,37
90,99
94,63
97,22
89,98
93,86
95,91
91,12
93,21
94,44
94,44
95,74
90,19
90,95
92,23
95,06
93,93
100
95,37
95,37
97,22
98,15
93,8
95,23
88,21
87,65
91,68
85,26
88,45
92,3
88,37
91,75
92,76
83,93
93,21
95,33
96,63
95,01
89,81
84,42
93,69
92,71
93,85
91,67
76,26
92,23
89,63
92,23
86,68
100
97,22
95,37
89,65
86,82
80,8
94,44
92,59
96,72
94,44
91,08
83,33
88,41
96,35
91,67
97,84
88,13
92,59
82,84
91,31
83,64
91,47
87,04
100
87,09
95,35
90,85
94,44
83,94
88,7
100
85,76
97,79
94,76
94,44
91,67
96,72
91,42
82,43
88,81
95,37
91,31
91,49
79,23
91,75
84,31
86,73
88,71
88,97
97,22
89,98
91,67
87,04
89,51
86,47
89,51
80,71
97,31
88,89
94,78
94,78
92,37
97,22
100
88,58
89,81
86,11
82,57
92,8
90,54
84,43
93,84
82,13
85,1
86,1
82,53
95,12
91,67
83,99
87,11
93,01
91,67
92,01
93,53
94,32
88,53
87,04
87,26
79,28
85,56
85,99
88,73
100
90,84
94,53
87,18
97,22
96,59
79,17
90,15
88,27
91,67
86,92
85,69
91,49
92,71
94,44
88,43
88,53
92,75
90,6
100
94,44
98,32
93,37
87,91
89,81
83,83
90,74
89,97
97,22
85,82
95,37
88,42
95,02
86,75
81,14
92,59
83,67
90,83
83,92
87,96
97,44
91,78
88,93
95,06
91,64
90,74
92,58
85,19
89,69
96
91,67
88,89
91,67
88,05
88,59
82,86
84,63
88,33
91,02
95,01
89,26
88,83
91,12
94,44
88,15
86,39
85,69
86,42
89,97
86,39
93,84
89,84
79,8
89,98
94,66
89,51
91,46
92,49
89,66
89,83
94,44
97,22
90,74
95,74
92,28
97,93
90,73
98,15
95,13
93,36
95,37
100
93,41
96,71
97,22
79,26
89,51
97,39
89,78
100
88,81
89,81
93,52
86,28
88,74
92,71
92,4
91,06
94,81
89,52
94,66
94,44
92,59
100
95,58
89,57
93,93
91,48
89,04
98,15
83,33
91,86
93,02
94,44
91,67
92,11
95,06
97,22
83,06
89,86
89,51
85,51
97,22
91,75
97,22
87,2
92,68
92,3
94,15
76,79
88,96
91,67
94,92
95,39
97,31
87,88
85,44
88,19
86,68
91,83
86,21
91,71
81,55
86,08
97,84
93,22
90,75
84,01
87,76
95,06
93,25
89,51
93,22
95,06
92,23
95,37
98,15
97,22
91,05
95,46
94,19
98,15
90,8
91,74
93,21
89,49
84,66
92,84
94,15
90,38
83,95
97,22
87,88
95,01
92,28
94,44
89,74
89,35
94,44
90,47
94,01
100
74,46
90,14
84,22
90,52
82,76
94,53
94,44
94,82
94,11
98,32
95,08
89,14
86,04
92,54
85,62
94,19
93,49
91,65
91,67
96,17
79,26
75,08
89,35
90,32
93,69
89,81
92,28
86,7
90,13
86,11
90,57
92,3
91,67
94,44
81,6
89,42
91,67
95,01
83,16
90,22
89,81
92,76
92,81
90,18
91,33
90,02
92,68
91,53
84,26
88,41
97,22
91
89,75
88,51
92,23
89,23
90,74
86,52
92,45
94,44
94,58
90,77
92,45
100
92,59
92,59
93
89,38
91,23
90,42
92,76
93,3
95,46
89,38
92,59
92,97
85,89
84,94
83,06
89,16
91,57
92,76
95,06
91,5
91,67
97,79
86,68
92,76
92,85
94,01
94,3
91,67
95,37
83,74
98,15
100
91,67
93,01
88,83
88,89
87,04
89,39
94,14
95,06
91,69
94,81
88,03
95,06
82,36
97,22
88,89
89,51
91,36
95,37
91,2
90,25
86,96
89,98
95,03
97,22
98,24
83,13
98,3
95,37
87,2
91,08
91,82
91,37
84,07
93,16
97,93
97,22
98,32
80,72
94,8
94,44
83,95
88,27
91,47
86,34
83,9
93,52
88,22
87,3
89,55
92,04
95,06
84,27
79,57
87,6
93,9
100
93,98
85,74
85,76
92,86
95,37
89,17
91,93
88,75
90,25
89,44
90,91
90,74
91,05
92,22
93,98
95,71
94,31
97,95
87,97
84,4
91,36
91,83
91,67
97,57
98,32
88,78
91,67
86,3
88,89
93,29
90,39
90,71
95,99
90,26
90,76
95,01
92,75
84,9
93,9
95,57
92,92
87,14
95,76
97,22
92,57
90,54
95,15
97,84
98,15
86,74
88,4
74,48
95,27
97,3
94,88
89,04
94,53
95,26
93,55
91,93
85,81
97,39
92,12
92,08
96,41
92,71
93,95
94,44
89,06
85,71
89,53
95,37
95,53
87,8
96,3
95,64
97,93
91,05
84,94
88,02
97,85
97,22
86,97
90,4
96,53
93,1
94,53
97,22
97,11
97,22
79,95
95,92
91,36
88,99
91,67
94,66
96,23
92,76
82,38
88,16
97,22
94,92
92,76
91,93
94,44
83,97
97,22
95,13
96,53
83,33
90,5
87,39
93,34
86,73
93,16
92,69
91,47
95,75
93,48
87,42
89,1
91,5
93,85
91,01
100
86,93
94,3
86,87
98,15
97,05
95,83
83,94
86,4
88,45
90,38
88,53
92,97
95,08
93,98
92,99
93,28
95,37
100
94,25
90,95
87,33
82,96
89,75
90,02
87,27
86,28
89,81
92,95
88,49
95,67
91,12
91,67
92,4
94,44
88,97
97,84
92,96
88,68
92,19
98,26
80,97
78,35
94,44
93,18
88,39
92,65
90,15
97,39
93,38
93,21
94,44
97,22
86,43
89,83
85,38
94,62
92,47
84,8
87,71
93,4
91,83
94,44
97,7
87,69
92,16
82,67
90,28
88,89
95,58
92,89
88,9
95,8
93,21
95,15
91,71
87,85
91,67
91,09
91,67
96,54
95,03
92,92
92,67
91,07
94,19
98,32
97,86
92,5
90,74
93,81
88,67
92,46
92,27
89,81
94,44
96,25
87,02
90,52
89,81
84,69
87,91
83,15
90,73
91,67
89,98
98,15
87,33
97,22
97,13
97,22
94,44
97,22
92,59
93,52
87,2
94,44
92,48
92,76
84,26
90,74
95,03
96,23
91,75
94,61
89,34
87,01
91,3
96,63
95,54
93,52
81,45
83,5
76,02
90,28
97,85
91,08
87,41
100
100
81,36
97,22
94,99
97,22
86,35
79,69
91,63
95,62
84,39
97,85
92,61
88,97
89,62
93,52
93,52
83,11
97,22
95,47
91,15
86,47
89,14
83,92
89,88
92,76
86,73
100
95,37
83,33
95,94
98,32
84,8
94,44
94,44
89,22
100
98,15
84,51
88,37
78,71
90,52
86,61
89,81
90,55
91,45
84,89
84,68
83,36
87,96
84,51
94,25
93,27
95,06
87,72
81,62
97,79
89,81
94,95
89,71
97,22
93,18
82,16
87,56
85,89
92,59
90,78
93,03
92,15
93,52
88,55
94,3
94,25
94,44
90,93
87,81
94,54
95,32
95,05
86,93
92,28
96,67
91,23
93,03
94,37
90,81
74,86
83,83
85,18
86,9
93,32
95,37
91,47
93,94
83,68
91,8
80,94
92,47
85,83
94,44
84,86
94,44
96,84
95,37
93,71
91,04
86,82
100
92,84
89,91
85,27
80,65
92
88,5
82,62
79,94
74,99
92,9
90,34
90,74
85,19
92,04
80,05
93,52
88,76
96,67
95,45
97,22
96,79
89,81
83,71
89,81
89,62
79,71
80,56
88,49
85,53
100
94,44
100
97,22
92,88
89,13
95,05
90,02
82,51
90,06
90,12
92,9
78,94
88,89
87,17
89,46
89,65
92,04
87,96
93,52
90,71
89,06
88,27
95,37
80,07
92,59
91,2
93,05
93,52
85,04
82,48
88,93
91,84
93,51
93,52
100
100
72,75
93,93
88,87
84,47
91,16
95,68
94,53
88,89
85,8
85,19
91,52
89,81
90,83
88,75
91,28
94,44
85,77
89,81
91,95
97,84
97,22
97,22
97,22
95,37
95,18
87,3
97,22
97,22
93,52
92,59
91,15
85,44
88,96
90,12
88,56
88,89
94,24
100
94,61
90,43
92,3
97,79
85,25
97,22
95,46
90,74
98,15
93,92
94,44
84,09
94,62
90,55
94,44
93,18
92,4
93,3
90,49
91,78
94,92
95,94
88,53
84,66
82,77
82,69
87,75
86,93
86,06
87,65
91,23
79,68
94,44
88,97
87,77
87,35
94,44
94,44
89,82
94,44
92,23
92,23
89,56
87,17
86,64
89,91
89,84
92,59
97,39
89,33
97,43
89,14
92,21
90,43
80,33
81,89
95,94
93,27
86,11
85,64
94,44
88,89
93,52
92,28
91,75
90,36
94,44
90,03
88,17
88,68
90,54
94,61
85,97
94,61
85,26
89,62
93,26
89,52
97,22
90,55
92,2
93,69
94,44
85,84
90,22
89,24
88,75
94,44
86,54
98,15
96,3
81,28
93,77
88,29
88,14
96,3
97,22
93,22
83,33
94,44
86,61
94,44
91,1
91
90,95
88,84
89,06
88,69
85,72
88,49
91,48
92,59
86,04
90,73
97,22
94,61
97,22
95,06
86,7
77,7
91,17
86,87
93,22
96,15
95,37
91,93
89,98
97,22
94,86
88,08
97,03
90,74
88,67
88,38
91,12
89,81
97,85
97,54
89,62
83,1
81,75
94,44
92,59
87,74
83,7
87,96
89,46
91,77
89,39
97,3
85,92
92,85
85,19
95,01
88,72
97,22
89,4
95,06
97,91
95,72
93,06
83,02
100
97,79
98,15
95,58
89,62
90,3
94,44
100
93,69
88,13
88,53
92,61
100
89,81
90,81
100
94,18
84,02
95,29
100
84,85
95,08
98,15
92,8
93,69
97,22
87,04
97,22
86,86
97,22
94,63
93,52
97,05
87,84
88,15
87,3
95,72
90,24
96,3
90,05
85,82
91,14
98,24
98,32
92,17
91,67
87,59
91,93
97,22
95,83
100
88,89
87,96
86,27
92,31
94,78
88,93
94,19
92,04
91,36
84,47
91,67
90,05
93,04
97,22
94
97,22
91,67
100
94,44
93,28
84,06
94,44
97,22
87,51
95,83
88,93
95,37
95,99
92,8
89,48
93,1
86,48
98,15
97,93
96,38
87,77
91,87
95,37
96,3
96,41
88,66
88,55
90,46
97,6
92,05
100
90,35
92,99
90,52
89,05
92,93
97,22
95,54
89,93
96,3
91,06
94,44
95,37
77,83
97,84
97,3
92,25
90,05
91,67
93,16
89,51
93,99
91,95
95,37
95,29
94,09
93,42
95,2
93,89
81,26
90,93
98,15
89,38
87
89,83
87,15
93,98
90,23
93,71
89,04
82,58
94,44
92,28
94,44
89,22
97,22
97,79
88,46
95,94
95,01
96,3
89,83
86,89
89,51
87,41
94,94
90,61
84,5
91,67
93,67
91,67
94,44
90,37
90,71
94,24
86,88
92,33
91,8
91,32
94,44
91
87,89
94,44
97,84
93,8
92,59
93,14
100
95,06
79,29
95,94
80,19
86,73
85,52
87,29
98,15
94,53
91,71
86,73
88,79
98,32
94,54
97,22
94,61
87,96
97,22
90,28
88,89
97,22
93,37
92,27
100
91,47
97,22
94,44
87,97
100
87,99
95,06
91,32
91,2
94,82
93,21
95,15
92,75
85,79
84,67
94,01
88,48
85,21
97,95
97,22
95,06
94,03
97,08
88,34
91,67
94,44
90,54
89,51
94,11
92,28
100
94,44
100
94,53
83,74
92,28
94,44
94,84
90,87
86,84
83,65
93,87
95,74
95,06
92,59
85
95,37
94,44
87,96
95,37
98,15
90,43
94,54
100
100
95,37
95,37
90,45
92,16
96,06
87,01
97,84
94,18
95,72
93,52
97,22
95,63
95,09
95,37
94,44
94,44
94,02
90,92
86,21
94,44
85,99
91,75
97,83
95,26
100
91,67
92,66
100
89,57
100
98,15
92,48
98,15
88,63
96,27
94,61
95,37
92,57
96,3
78,86
93,52
94,44
86,59
95,71
87,74
97,22
91,67
93,16
89,81
93,67
90,74
90,95
94,82
94,44
91,84
89,41
95,44
97,3
92,97
91,07
88,11
100
97,22
89,42
94,95
86,5
100
85,67
90,21
90,43
86,47
98,24
91,67
85,89
90,99
93,01
87,98
93,22
89,62
86,84
97,22
91,42
83,01
93,55
100
94,6
86,11
89,43
94,82
80,54
90,88
94,44
86,55
92,2
87,38
95,37
90,24
97,79
94,02
91,75
81,48
83,09
82,99
85,8
83,9
95,91
79,99
88,53
94,89
97,22
95,06
92,04
94,85
97,22
94,87
94,44
94,44
92,45
89,83
94,44
96,08
91,84
97,22
90,42
100
100
87,52
89,06
94,44
85,11
89,26
76,32
93,85
97,79
87,13
100
95,43
97,84
95,03
88,83
76,76
92,76
89,06
95,37
94,44
93,29
95,63
97,22
87,49
88,3
97,22
88,15
84,31
95,08
97,22
91,67
92,93
97,22
90,14
94,44
89,51
97,22
93,52
91,23
92,27
94,44
86,42
91,67
92,37
91,06
81,54
94,61
91,56
89,51
88,45
94,14
93,84
89,75
83,52
84,32
89,83
92,76
87,87
94,44
85,35
88,47
98,32
93,21
93,5
89,27
83,33
96,55
91,75
90,91
88,44
91,83
85,85
90,32
98,15
89,68
89,98
85,62
95,29
85,45
84,4
83,28
94,56
92,93
83,62
89,3
87,51
81,17
94,82
100
90,66
95,08
91,23
95,06
92,91
85,35
91,75
91,5
78,1
96,35
92,81
88,96
86,68
86,35
89,81
97,22
82,74
92,28
89,17
95,01
91,67
85,35
84,05
81,46
95,37
95,03
89,81
91,67
93,13
90,5
95,37
88,69
95,37
87,04
92,28
90,82
89,72
92,4
90,85
100
89,19
89,69
87,67
84,48
92,14
94,22
88,21
84,6
85,8
95,37
97,22
91,67
91,67
83,23
94,44
88,81
94,53
89,97
82,24
90,15
87,13
85,8
87,12
93,52
92,59
91,82
91,92
91,57
86,72
89,39
90,86
88,3
89,28
92,45
82,41
94,44
90,74
93,78
86,93
98,15
85,54
90,74
90,73
94,04
87,04
95,06
93,01
87,18
86,63
100
97,22
94,49
87,96
89,98
97,22
94,44
88,35
92,59
88,34
86,73
84,51
93,55
84,47
92,3
90,47
95,65
95,54
90,07
88,12
78,87
83,11
94,44
95,05
85,27
78,18
94,46
94,44
85,61
96,3
88,89
88,45
94,44
89,55
88,3
95,07
94,44
81,03
97,03
94,44
87,13
94,44
85,96
91,78
94,61
88,06
81,82
95,9
91,67
96,97
86,11
90,6
95,25
93,85
91,67
94,44
88,22
92,29
88,3
90,6
92,3
94,86
86
93,95
91,85
81,08
91,84
95,54
94,44
89,3
96,3
89,95
92,98
85,76
80,42
97,39
95,36
87,21
86,8
92,71
89,06
94,05
83,91
97,39
92,59
78,12
90,74
95,58
95,14
80,76
98,32
97,79
89,4
88,3
97,59
96,3
91,75
88,89
91,08
94,44
94,91
87,75
89,62
89,73
98,32
96,46
87,06
85,14
86,95
92,93
90,25
84,26
93,23
90,22
95,33
92,21
98,11
100
94,61
89,17
93,73
90,29
94,44
93,53
89,81
94,14
86,25
92,8
90,21
81,37
96,71
82,72
81,04
91,67
91,67
85,75
91,67
91,81
91,62
86,38
78,87
93,94
89,29
92,77
91,29
89,81
86,84
97,22
88,89
97,22
90,91
91,05
92,65
90,07
93,52
96,15
94,57
93,78
86,86
82,78
92,4
97,83
97,83
84,59
88,78
93,74
90,82
91,51
100
89,81
82,05
95,54
91,08
96,3
92,96
83,42
88,97
94,44
98,15
96,3
87,62
94,13
92,35
88,89
79,4
94,44
93,38
93,69
97,22
95,69
100
94,44
94,22
92,96
91,67
84,83
87,01
88,34
94,44
84,9
96,3
89,46
89,06
98,32
87,79
89,79
85,52
90,74
84,5
88,97
97,22
89,06
92,34
91,55
98,32
94,28
91,67
91,9
95,67
96,35
86,32
95,52
91,2
92,04
92,23
94,82
95,37
90,74
87,82
96,03
92,65
95,37
94,82
95,06
90,44
92,23
93,98
89,7
87,46
97,22
91,63
100
100
87,1
88,21
88,78
89,98
92,8
97,22
92,37
86,38
94,44
89,64
84,99
87,67
98,15
92,35
97,84
97,22
93,52
98,32
95,06
86,97
87,35
95,94
96,45
85,19
90,43
94,44
97,22
93,52
89,98
95,06
80,94
95,06
93,21
89,83
95,45
91,67
92,9
94,44
91,67
95,01
94,44
90,43
83,64
100
92,66
90,74
82,95
96,3
97,22
84,7
91,67
93,52
93,52
88,89
87,53
97,22
95,54
89,3
100
95,46
87,31
84,06
81,06
91,67
86,53
88,89
87,96
92,59
88,74
87,77
93,21
95,37
93
98,32
92,59
86,09
94,44
90,74
92,37
97,84
98,15
86,28
92,27
94,61
96,3
97,83
82,77
94,44
94,44
92,89
90,43
93,59
92,59
84,34
94,44
91,67
87,24
81,32
91,67
84,8
91,36
87,81
92,1
86,73
96
97,79
89,81
86,11
80,56
80,25
88,42
90,49
93,16
88,89
91,84
97,22
92,28
84,34
92,59
92,68
95,61
88,82
91,67
87,92
87,39
98,15
97,53
77,83
93,43
97,22
84,71
97,22
94,23
94,07
81,54
83,33
92,48
90,45
100
95,73
86,74
95,62
97,22
91,79
89,44
94,44
86,95
98,08
90,21
80,56
100
98,32
86,11
92,09
94,44
97,22
92,59
92,3
94,37
96,3
92,02
83,96
100
77,03
88,95
94,44
97,73
93,14
84,98
98,15
90,06
94,44
97,22
94,44
94,44
95,03
93,22
98,15
89,52
97,73
94,44
91,67
90,07
94,29
94,99
94,53
97,22
90,06
89,81
95,37
83,07
94,44
97,22
93,52
88,34
88,07
100
90,45
95,18
98,32
93,52
94,44
89
91,67
81,56
97,22
91,37
100
97,22
84,26
92,59
92,9
92,48
95,03
90,74
84,3
94,99
97,22
94,44
87,96
93,85
91,83
95,37
94,44
90,82
97,22
87,41
97,22
93,02
92,59
83,7
96,58
85,94
88,92
95,63
87,96
94,44
91,21
95,01
97,84
94,87
94,44
90,96
93,16
90,45
85,19
90,62
86,61
91,67
89,92
90
95,37
92,23
91,88
95,06
93,33
84,47
91,97
87,67
91,08
92,23
95,94
90,49
90,6
92,59
89,81
92,59
92,68
92,3
87,7
89,74
95,99
88,08
91,46
95,54
88
93,64
87,27
92,01
79,39
94,09
94,44
95,37
91,67
92,37
97,22
97,79
95,01
85,55
95,37
93,72
90,71
92,88
89,12
91,53
97,22
98,15
96,17
90,57
98,15
93,69
89,81
86,12
93,38
93,52
93,5
91,92
97,22
93,09
80,93
98,15
89,83
83,68
81,13
86,42
87,38
92,42
95,54
95,01
83,76
94,67
95,06
91,75
88,53
95,01
92,96
88,21
88,81
93,3
98,15
94,8
81,9
86,83
97,85
94,44
88,89
83,33
97,22
95,37
91,54
92,92
90,43
89,14
97,22
83,92
89,78
91,08
97,22
93,38
89,48
90,43
80,97
96,79
90,12
92,37
94,44
88,64
92,46
91,67
92,92
92,59
86,73
89,38
93
94,44
95,06
97,22
95,37
100
92,65
89,46
92,02
96,3
90,74
100
95,37
89,81
96,71
87,65
92,16
94,44
91,61
93,52
87,35
100
89,68
89,63
94,61
96,46
89,39
95,08
95,87
84,66
95,19
91,67
95,37
90,06
86,73
95,06
100
85,38
98,15
95,37
88,89
94,44
93
92,88
96,46
98,15
95,99
95,05
85,8
92,9
97,22
91,67
98,15
94,57
93,93
89,25
86,11
91,67
94,9
84,54
86,29
91,22
94,61
94,44
95,37
92,57
92,4
90,28
97,22
94,44
87,09
92,59
97,39
93,38
94,44
89,98
96,01
85,04
94,44
100
93,32
97,84
91,67
95,06
89,19
88,97
96,35
100
86,19
98,15
92,59
89,51
93,93
90,12
95,01
87,41
94,44
93,23
100
97,22
97,3
91,5
94,39
88,58
94,53
86,11
87,04
84,84
94,59
95,37
86,11
95,06
91,23
78,29
85,52
89,52
97,22
88,58
97,03
97,22
92,45
87,96
92,65
90,58
74,69
92,59
100
94,76
90,74
91,67
92,56
90,6
87,48
95,06
90,74
92,65
100
93,21
93,85
80,75
87,96
95,37
90,74
94,44
98,15
92,65
96,04
90,21
88,13
84,39
90,74
90,15
92,7
87,5
90,74
94,44
92,9
93,14
100
83,25
92,91
93,52
91,36
91,06
87,04
85,19
88,8
92,59
92,59
100
91,67
90,16
95,37
93,52
85,21
88,89
87,35
92,59
89,65
91,44
85,19
89,84
82,57
92,59
87,73
91,72
87,65
82,03
97,02
92,59
100
90,07
100
95,54
80,65
91,67
87,68
97,22
90,47
97,22
88,94
97,84
89,16
97,3
90,74
95,01
95,01
83,17
95,54
92,89
98,2
95,37
86,51
84,04
88,97
82,94
80,7
87,78
97,84
95,54
89,62
97,85
92,61
87,49
89,46
92,3
96,17
97,22
95,62
97,22
94,98
92,76
94,44
89,9
90,11
95,32
95,94
90,31
88,83
94,01
96,67
100
97,22
92,99
89,69
94,44
82,84
93,52
95,62
92,45
92,84
97,79
93,9
86,91
91,77
92,23
90,35
86,68
86,42
94,44
87,92
95,09
96,46
94,75
98,15
91,1
96,15
95,73
86,85
96,1
91,54
97,22
90,09
85,73
92,29
97,22
88,42
95,45
90,11
91,88
94,65
95,37
93,6
97,86
97,22
96,38
95,08
96
89,16
97,86
89,54
95,01
86,41
94,87
90,02
84,63
98,23
97,22
86,48
92,23
91,74
96,46
83,62
94,44
98,15
96,77
91,31
96,63
97,22
90,61
96,3
91,08
97,77
98,3
91,53
91,67
87,96
92,37
88,74
90,43
95,37
92,59
98,15
85,06
91,03
90,45
94,3
92,55
89,02
87,96
93,52
95,25
94,8
97,84
93,46
89,97
92,28
88,64
95,37
90,02
97,39
92,76
95,06
91,56
91,75
91,45
89,18
83,35
95,74
85,17
94,44
97,79
87,74
93,26
90,31
93,52
92,87
87,77
100
91,84
95,72
93,12
92,96
94,42
97,83
87,06
96,35
95,34
88,46
97,93
92,87
92,76
84,83
89,81
96,35
90,67
85,56
95,16
97,22
95,9
95,37
100
96,3
86,98
92,28
92,4
89,99
92,72
100
92,23
92,59
85,32
92,8
94,44
87,67
93,44
91,32
90,82
97,95
98,15
89,36
86,75
86,65
89,31
89,26
75,57
90,95
86,68
93,8
88,85
100
97,17
93,69
97,22
91,31
84,94
94,53
86,44
100
91,07
91,67
87,23
92,3
86,22
95,12
93,93
92,59
89,26
95,27
89,46
92,44
91,1
89,53
90,36
92,96
80,89
97,22
96,63
86,05
95,23
86,85
93,85
91,67
93,52
94,44
90,76
95,58
81,06
90,28
83,11
88,47
100
95,58
94,44
94,44
94,44
95,58
95,37
98,15
89,52
92,75
95,99
94,85
92,59
97,22
89,03
93,76
93,85
95,37
92,28
93,42
95,01
91,67
84,26
90,45
87,96
100
92,25
92,8
93,73
92,61
92,3
85,24
93,41
90,4
97,22
94,07
88,25
83,11
91,08
92,88
89,13
91,11
98,15
97,08
81,24
91,08
91,08
97,22
91,82
88,89
92,76
81,03
97,22
84,96
92,04
85,76
95,37
92,27
92,48
89,6
91,79
95,37
88,13
95,94
85,75
95,37
97,22
88,81
87,77
100
100
92,59
95,37
90,13
83,16
92,87
97,84
90,15
100
91,12
100
95,08
92,28
91,67
96,71
94,44
88,65
84,71
88,51
100
89,14
97,72
94,44
90,91
98,32
91,64
90,74
90,6
90,24
93,94
100
90,74
93,9
88,91
91,67
94,44
92,07
91,47
94,44
93,39
88,46
94,95
94,85
92,76
95,54
94,84
94,82
100
88,89
95,84
90,05
95,01
94,3
93,57
97,22
85,84
96,37
92,24
87,97
93,69
87,22
91,16
94,62
84,7
86,15
92,28
91,52
79,89
91,67
87,2
85,3
90,26
91,67
86,67
88,89
90,36
87,88
85,51
87,84
85,04
88,74
90,41
84,63
90,06
93,68
88,69
88,5
91,75
100
91,47
93,52
86,42
90,36
92,66
92,96
87,5
89,57
92,74
93,23
83,1
96,63
88,99
89,86
95,17
91,67
86,28
97,22
97,18
95,79
83,65
97,59
90,97
86,85
90,74
93,23
90,74
93,28
95,8
90,79
90,52
93,21
97,22
89,46
92,32
93,77
84,99
88,5
91,99
98,15
86,81
92,87
87,77
86,33
93,32
90,38
95,37
91,67
97,79
92,32
93,02
97,22
90,17
90,35
95,06
96,3
100
92,23
93,36
93,3
98,32
93,1
94,44
95,94
91,11
89,98
86,28
93,67
81,34
92,89
89,98
97,22
84,67
90,14
86,11
97,79
90,91
84,26
92,2
89,81
85,56
88,05
94,44
91,67
91,84
94,44
82,83
93,36
83,96
93,43
88,69
91,36
90,83
88,27
89,06
97,22
97,39
100
96,3
93,46
92,9
81,09
91,78
92,47
92,76
85,5
87,15
94,67
91,8
90,3
91,72
94,44
94,4
88,97
95,54
90,5
90,74
90,96
95,54
90,29
82
91,67
88,39
85,56
95,08
90,75
95,48
96,3
94,44
88,89
92,25
94,46
88,64
97,22
86,35
82,79
87,19
97,84
91,67
96,3
97,22
92,9
94,54
94,44
86,84
94,44
89,78
95,06
85,85
95,6
94,44
92,25
81,96
90,74
86,94
91,01
89,2
83,91
94,25
92,14
88,49
94,44
91,6
94,56
95,44
81,49
95,44
92,79
96,3
90,83
88,3
94,44
86,79
95,37
96,18
92,66
91,82
95,44
85,98
93,84
90,75
97,85
94,22
96,06
87,79
90,46
79,88
93,89
94,99
97,39
95,46
92,91
97,84
86,23
84,84
97,85
83,78
91,67
91,67
88,63
96,08
97,22
83,43
89,93
92,91
89,34
95,11
95,37
91,75
89,51
92,68
100
75,65
100
91,67
96,06
86,28
87,89
76,55
92,28
92,59
85,72
92,28
95,45
91,08
91,67
85,8
93,52
91,52
94,12
86,46
87,93
80,37
88,58
93,52
97,85
95,08
92,28
88,78
92,59
95,45
88,99
86,11
85,06
85,79
97,22
95,37
94,6
98,15
87,09
81,87
97,22
92,59
94,53
91,67
94,99
94,99
95,37
95,14
89,35
100
81,35
90,29
86,36
86,3
93,56
88,32
89,46
94,25
89,51
85,32
94,98
87,96
94,44
88,94
83,4
95,01
91,01
85,33
90,12
95,06
94,81
92,85
90,49
100
100
90,44
94,2
91,67
77,12
97,79
91,15
86,16
94,44
96,45
82,94
89,81
83,41
88,17
90,54
89,42
91,41
98,15
96,3
94,55
87,35
94,61
88,73
90,95
97,22
94,54
86,86
91,67
92,59
97,22
91,75
94,44
87,65
93,42
80,18
86,1
90,74
93,33
97,22
97,22
93,16
95,02
88,79
74,34
92,78
90,99
89,2
85,05
87,14
90,38
90,9
85,33
95,99
95,03
86,28
86,31
78,96
91,52
90,27
88,63
86,18
89,51
90,43
85,11
84,59
88,89
85,45
82,52
94,44
95,37
90,07
94,78
94,1
90,3
86,11
95,01
81,66
92,98
88,88
91,67
94,44
78,05
97,22
92,59
94,42
91,67
80,42
91,67
94,44
93,5
95,94
93,85
86,27
94,44
97,22
89,46
92,8
90,12
94,44
100
95,37
96,3
81,56
89,31
87,65
83,16
95,06
100
87,35
91,47
90,74
87,04
93,9
88,89
84,57
87,77
93,85
91,94
83,95
88,95
80,42
85,25
97,84
84,6
87,96
95,06
87,04
91,67
92,94
82,1
93,83
93,3
89
97,05
91,67
78,87
80,52
86,08
85,68
73,65
78,99
91,24
94,44
86,19
91,01
96,63
89,06
95,36
97,22
93,21
86,65
80,93
80,07
89,81
97,22
95,37
78,2
81,37
97,53
100
77,14
96,79
92,59
91,09
86,3
86,24
86,11
92,76
82,95
89,52
95,06
95,02
91,74
89,46
94,44
83,33
97,22
90,74
94,44
95,15
100
94,44
88,44
86,28
89,57
92,85
88,99
82,22
97,22
97,22
82,89
93,21
92,52
88,89
97,79
83,9
94,44
86,89
94,25
80,06
90,86
93,74
91,42
90,6
91,64
92,2
85,47
92,65
84,18
97,22
89,93
85,97
94,85
90,8
94,93
84,01
94,01
97,91
83,64
90,22
96,06
95,03
92,09
80,45
85,41
80,56
92,14
90,74
95,69
87,97
94,99
98,15
95,39
95,52
88,45
91,67
93,04
95,65
90,74
89,21
92,16
100
83,34
85,65
97,22
97,93
90,91
88,67
87,98
81,28
92,92
94,56
92,45
88,55
89,73
90,31
80,41
88,14
95,44
91,69
87,04
94,44
94,14
94,44
88,59
95,52
89,98
96,1
87,13
96,21
91,67
90,6
86,73
100
82,95
95,27
100
90,99
94,44
91,67
91,67
90,55
97,22
88,89
90,39
98,32
92,57
90,4
87,25
97,22
94,44
93,52
89,59
93,85
87,15
86,84
94,3
88,68
93,16
91,12
82,82
97,22
87,24
90,99
88,89
91,88
91,67
91,82
97,39
93,74
94,44
86,84
89,67
86,7
92,71
91,47
95,99
87,31
85,61
85,2
90,49
87,41
95,46
97,84
85,46
92,4
100
83,92
74,62
97,85
92,33
92,55
93,57
86,9
94,53
97,91
97,3
91,08
93,33
89,35
83,75
100
92,59
92
93,25
90,99
93,69
95,73
91,47
89,87
78,8
84,32
100
97,22
87,2
88,54
94,44
81,46
94,44
81,92
94,04
92,37
85,56
95,42
90,51
83,27
86,65
98,15
92,94
96,71
77,5
87,04
83,6
91,02
95,01
100
98,15
91,41
86,74
91,67
97,22
80,12
94,35
92,59
100
94,44
97,84
85,8
85,51
85,86
90,08
92,67
91,92
93,8
89,81
95,08
94,44
91,67
96,75
91,67
96,41
87,2
91,87
92,04
97,22
91,03
93,21
90,15
100
87,04
88,89
100
96,1
93,13
88,52
97,22
91,67
92,28
92,29
85,11
92,04
86,11
94,82
96,78
88,74
81,68
92,28
90,79
88,69
94,19
87,41
95,06
92,36
80,61
83,83
86,11
97,79
91,02
90,95
77,15
98,15
94,96
97,22
95,37
85,93
89,45
84,73
87,96
93,21
91,67
89,08
90,67
85,04
90,45
92,04
94,32
95,7
91,36
89,09
91,37
95,24
86,7
95,13
93,83
91,82
100
92,84
92,28
95,45
75,1
92,21
97,22
91,61
89,03
94,44
93
94,44
97,39
100
92,28
95,08
88,84
88,29
83,71
95,06
93,21
100
89,76
86,88
95,37
94,44
94,53
84,47
97,22
90,38
82,91
92,45
95,72
91,36
79,86
89,35
92,3
85,52
100
94,44
94,53
95,72
97,81
94,62
95,45
90,34
95,37
91,82
92,76
97,79
90,16
93,98
94,44
91,99
97,22
90,38
92,59
92,59
86,11
92,04
86,3
87,99
100
95,37
93,12
90,9
93,36
94,23
97,22
95,13
92,37
88,58
90,43
90,31
85,66
89,59
92,23
92,76
95,68
86,11
92,72
84,42
84,12
86,05
85,16
89,81
84,88
92,23
84,88
96,3
95,99
92,1
94,39
90,74
90,52
100
94
86,68
91,67
90,95
95,06
86,73
84,68
100
90,74
91,83
88,59
97,22
95,01
100
79,12
89,71
97,22
91,36
89,49
78,16
84,39
87,07
90,05
88,69
95,06
97,22
97,22
86,38
85,61
91,81
92,28
97,03
95,37
83,51
94,44
91,67
95,37
82,7
100
97,39
88,13
90,32
95,54
89,12
97,22
92,67
84,12
96,63
89,81
93,21
92,59
83,69
88,26
92,28
89,98
92,38
96,16
83,74
91,77
88,89
91,67
88,01
97,22
97,85
94,53
88,34
89,45
91,08
92,44
88,51
87,36
85,61
90,58
87,04
96,17
89,05
85,93
92,13
88,61
84,49
92,32
94,44
80,6
87,52
87,4
91,67
90,99
88,3
92,59
84,4
92,9
85,5
84,27
94,53
82,4
90,26
92,94
97,22
92,54
89,47
91,14
100
90,6
95,04
81,37
98,15
91,88
85,65
88,97
97,51
92,25
97,47
89,72
92,56
90,43
84,4
90,35
93,28
90,49
97,84
97,22
92,39
96,41
100
86,04
91,31
94,42
87,82
89,22
90,27
97,22
92,28
96,79
91,83
88,58
95,65
88,88
88,17
93,38
84,04
96,3
97,22
94,86
91,83
93,1
94,44
82,57
97,22
86,94
89,59
92,76
92,59
91,22
95,13
86,11
100
100
92,6
84,19
85,57
94,56
90,86
86,27
86,7
91,72
87,05
92,97
93,57
97,08
92,37
89,88
90,61
91,01
97,84
94,57
86,68
91,47
97,91
92,3
97,22
91,95
94,78
94,86
95,39
94,25
94,14
89,67
89,82
85,37
90,84
93,57
92,76
95,23
94,44
94,61
96,77
89,75
92,21
92,23
95,37
87,79
88,89
96,06
95,37
93,69
89,53
93,52
93,9
93,02
97,84
96,3
100
90,54
94,2
79,12
98,15
98,05
88,06
97,84
91,26
92,49
92,28
93,69
86,52
81,48
91,67
97,22
90,91
90,52
83,15
97,22
95,54
83,52
84,26
97,22
92,86
85,1
92,34
95,54
95,05
84,75
94,53
87,04
97,22
87,6
97,51
93,26
95,77
89,81
89,26
86,68
91,67
100
96,01
94,44
78,9
89,81
94,6
97,22
90,06
85,19
92,76
91,83
98,15
87,04
91,83
89,94
89,54
97,22
100
96,3
92,59
90,15
91,52
86,89
97,93
100
89,46
90,06
93,7
92,23
95,71
94,86
92,59
89,2
100
97,79
94,3
92,97
92,59
89,88
85,93
96,02
93,16
91,67
95,37
92,58
97,22
93,52
97,22
94,44
97,22
86,84
91,52
81,48
93,21
93,52
94,09
97,22
90,76
89,7
98,24
97,22
84,6
100
100
94,15
88,63
96,97
95,54
97,08
77,73
92,65
91,75
92,83
98,15
95,37
87,71
94,44
87,36
88,3
93,52
89,81
84,2
93,93
93,14
95,13
93,57
92,28
94,44
96,3
84,23
89,98
85,11
89,06
83,44
96,09
94,65
91,67
92,06
89,73
92,75
81,09
89,36
94,67
87,04
92,59
96,3
93,34
91,81
95,37
89
91,5
83,81
92,5
96,3
98,15
94,53
88,97
92,59
84,52
87,5
92,59
93,06
86
92,67
92,3
89,35
90,74
100
89,81
92,09
91,67
90,74
83,37
90,8
92,59
89,78
98,26
94,6
94,44
90,46
91,67
85,27
87,96
92,41
87,2
92,59
89,13
84,19
89,2
95,17
91,8
95,54
89,98
95,82
88,89
85,41
84,44
89,52
97,22
92,76
87,19
88,38
94,44
98,32
94,61
87,72
75,28
95,06
89,3
87,2
91,67
92,59
86,92
92,32
87,32
96,3
88,4
85,16
97,22
87,96
94,25
98,15
100
89,38
97,08
84,69
93,11
95,74
93,14
94,84
96,61
92,79
92,35
97,2
97,22
97,93
97,22
93,35
97,22
97,22
84,76
92,15
98,3
97,93
98,3
94,44
88,41
93,16
88,93
93,12
97,77
88,45
95,6
91,02
89,17
91,25
94,44
97,86
92,32
100
100
93,44
97,05
92,59
94,44
86,11
86,6
91,67
88,94
95,05
77,38
93,52
87,27
90,12
96,46
89,25
88,59
90,32
89,51
84,26
92,22
87,29
94,44
94,92
95,01
97,22
95,54
97,57
95,94
86,4
88,29
85,82
84,01
88,05
86,38
87,93
97,84
91,94
88,13
97,93
91,51
84,47
84,42
85,17
82,83
98,15
92,45
94,12
92,28
92,28
90,06
89,12
89,28
97,22
95,18
89,98
95,54
94,44
97,91
90,34
100
98,15
82,24
94,44
98,15
97,22
97,79
93,89
95,37
91,59
89,81
100
94,44
81,04
92,28
91,67
97,51
96,67
97,22
89,38
80,56
93,94
86,11
91,84
89,98
94,07
97,85
92,22
90,93
80,56
98,32
100
91,61
89,81
93,38
97,22
97,77
88,33
93,57
95,44
90,85
97,22
97,78
73,85
98,24
87,38
85,1
84,36
89,01
91,67
92,62
82,5
88,58
94,44
87,86
88,88
89,98
87,08
80,44
95,37
88,69
88,3
90,66
90,15
79,14
91,23
84,59
95,25
92,06
86,72
83,99
92,67
82,73
93,85
97,03
84,76
87,56
90,91
95,17
82,01
95,08
94,86
93,61
94,88
89,81
92,25
97,22
91,64
90,5
93,38
90,37
93,6
90,3
90,63
86,21
89,46
97,84
95,06
93,41
88,4
89,91
84,21
89,06
85,21
88,3
92,79
90,45
92,68
87,69
93,32
98,24
89,89
97,22
95,17
90,16
97,84
97,79
97,79
95,06
87,57
92,36
91,28
94,44
86,29
91,67
94,44
96,45
91,98
93,59
88,62
100
90,54
94,44
87,23
81,19
97,22
85,51
85,84
97,4
96,61
97,3
95,54
90,88
94,61
100
93,52
100
89,95
91,83
94,67
91,94
92,98
85,31
89
88,97
97,22
98,15
90,71
89,24
90,75
92,6
87,76
87,68
87,2
88,82
85,19
93,52
94,3
94,37
93
81,41
95,43
83,5
84,37
78,51
94,82
84,76
98,15
89,61
95,01
84,21
88,47
96,76
86,72
90,25
100
87,77
88,17
97,84
74,15
90,02
84,55
82,75
89,58
91,58
86,11
91,67
88,89
89,06
81,89
95,32
91,67
86,53
86,73
94,44
87,2
94,44
95,37
92,47
90,02
94,74
93,6
88,64
95,06
87,52
94,3
92,8
84,65
93,52
92,09
95,01
94,33
85,89
100
87,01
80,04
89,43
90,67
91,75
92,59
85
88,94
86,9
91,84
88,42
86,11
92,84
91,75
98,15
91,64
90,74
94,47
86,92
94,95
81,91
77,46
89,87
81,22
93,81
89,62
77,64
90,74
98,15
92,35
88,89
92,55
92,75
94,44
89,67
79,19
79,75
94,93
97,22
91,3
90,52
92,76
88,12
92,59
97,05
98,32
90,28
92,75
86,82
93,18
91,93
88,77
94,86
88,59
86,4
95,37
87,04
90,83
95,37
86,53
84,57
96,38
88,62
87,21
89,86
89,46
90,49
91,16
94,2
78,7
100
93,22
89,81
86,28
95,48
98,24
96,07
83,25
95,61
89,91
87,96
84,26
90,19
77,19
84,45
95,06
95,37
91,91
94,6
89,81
93,52
97,22
89,67
80,6
90,74
91,23
90,98
94,44
95,37
82,83
85,07
90,38
92,98
100
97,91
91,67
95,03
85,8
94,44
92,59
92,75
83,79
90,16
89,63
96,84
85,06
88,39
88,19
92,71
91,67
90,8
97,22
92,59
97,81
88,42
94,44
92,17
82,32
93,04
95,03
91,69
97,22
97,22
95,54
82,75
95,06
97,22
93,52
98,2
92,21
93,52
100
90,85
95,74
90,52
90,74
91,23
90,45
91,14
90,19
98,15
82,89
94,99
88,24
95,37
83,41
90,04
100
87,19
95,01
92,44
100
89,57
94,6
95,6
93,83
83,01
91,13
90,19
97,22
84,83
95,13
90,85
97,84
91,19
88,99
85,64
83,57
98,15
82,74
91
88,19
83,56
90,12
86,22
87,65
88,95
86,81
90,02
84,19
95,06
79,43
86,38
94,41
97,22
90,74
90,2
96,38
87,48
89,81
91,31
89,81
81,15
90,73
87,55
93,21
97,57
81,23
94,6
